http://wwwapps.tc.gc.ca/Corp-Serv-Gen/2/PDC-DPC/contrat/detail.aspx?Contract_ID=534049&trimestre=1&annee=2016,,IRVING OIL COMMERCIAL GP,T8563-16-0091,2016/6/30,Carburant d'aviation,2016/7/30,N/A,"17 033,80 $",Ce contrat est une commande subséquente à un outil d'acquisition de Travaux public et Services gouvernementaux Canada.
http://wwwapps.tc.gc.ca/Corp-Serv-Gen/2/PDC-DPC/contrat/detail.aspx?Contract_ID=534050&trimestre=1&annee=2016,,TRANSPOLAR TECHNOLOGY CORPORATION,T8086-162001,2016/6/30,Logiciels clients de sécurité de l'environnement d'informatique répartie (EIR),2017/3/31,N/A,"174 541,79 $",Ce contrat est une commande subséquente à un outil d'acquisition de Travaux public et Services gouvernementaux Canada.
http://wwwapps.tc.gc.ca/Corp-Serv-Gen/2/PDC-DPC/contrat/detail.aspx?Contract_ID=534047&trimestre=1&annee=2016,,AVJET HOLDING INC. (PETRO-T),T8563-16-0089,2016/6/29,Carburant d'aviation,2016/6/30,N/A,"21 419,84 $",Ce contrat est une commande subséquente à un outil d'acquisition de Travaux public et Services gouvernementaux Canada.
http://wwwapps.tc.gc.ca/Corp-Serv-Gen/2/PDC-DPC/contrat/detail.aspx?Contract_ID=534048&trimestre=1&annee=2016,,PROFESSIONAL AVIATION ASSOCIATES,AS-6180-0058799,2016/6/29,Pièces d'aéronefs,2016/7/30,N/A,"12 674,42 $",Ce contrat est une commande subséquente à un outil d'acquisition de Travaux public et Services gouvernementaux Canada.
http://wwwapps.tc.gc.ca/Corp-Serv-Gen/2/PDC-DPC/contrat/detail.aspx?Contract_ID=534045&trimestre=1&annee=2016,,HOSKIN SCIENTIFIC LIMITED,T8275-160067,2016/6/28,Coût d´immobilisation - Matériel et outillage ,2017/3/31,N/A,"30 526,53 $",Ce contrat est une commande subséquente à un outil d'acquisition de Travaux public et Services gouvernementaux Canada.
http://wwwapps.tc.gc.ca/Corp-Serv-Gen/2/PDC-DPC/contrat/detail.aspx?Contract_ID=534046&trimestre=1&annee=2016,,XEROX CANADA LTD,T8086-162112,2016/6/28,"Location de machinerie, de mobilier et d'installation de bureau, et d'autres équipement",N/A,2016/6/28 au 2021/7/31,"11 356,12 $",Ce contrat est une commande subséquente à un outil d'acquisition de Travaux public et Services gouvernementaux Canada.
http://wwwapps.tc.gc.ca/Corp-Serv-Gen/2/PDC-DPC/contrat/detail.aspx?Contract_ID=534043&trimestre=1&annee=2016,,CORADIX TECHNOLOGY CONSULTING LTD.,T8080-140529,2016/6/27,Exprt-consl en tech de l’info - Trois ressources pour le projet BII ,N/A,2015/4/23 au 2017/4/17,"1 305 150,00 $",Ce contrat comprend une modification ou plus.Ce contrat est une commande subséquente à un outil d'acquisition de Travaux public et Services gouvernementaux Canada.
http://wwwapps.tc.gc.ca/Corp-Serv-Gen/2/PDC-DPC/contrat/detail.aspx?Contract_ID=534044&trimestre=1&annee=2016,,ST AIRBORNE SYSTEMS,ASR-6071-033383,2016/6/27,Aéronefs,N/A,2016/6/27 au 2016/6/27,"13 420,00 $",Ce contrat a été adjugé à un fournisseur unique.
http://wwwapps.tc.gc.ca/Corp-Serv-Gen/2/PDC-DPC/contrat/detail.aspx?Contract_ID=534041&trimestre=1&annee=2016,,TELEDYNE CONTROLS,ASR-6141-033665,2016/6/24,Aéronefs,N/A,2016/6/24 au 2016/6/24,"22 234,31 $",Ce contrat a été adjugé à un fournisseur unique.
http://wwwapps.tc.gc.ca/Corp-Serv-Gen/2/PDC-DPC/contrat/detail.aspx?Contract_ID=534042&trimestre=1&annee=2016,,VECTOR AEROSPACE ENGINE SERVICES - ATLANTIC INC,ASR-6166-033775,2016/6/24,Aéronefs,N/A,2016/6/24 au 2016/6/24,"47 368,14 $",Ce contrat est une commande subséquente à un outil d'acquisition de Travaux public et Services gouvernementaux Canada.
http://wwwapps.tc.gc.ca/Corp-Serv-Gen/2/PDC-DPC/contrat/detail.aspx?Contract_ID=534038&trimestre=1&annee=2016,,ADRM TECHNOLOGY CONSULTING GROUP CORP,T8080-150067,2016/6/23,Exprt-consl en tech de l’info -  SPICT - services des Analyste des systèmes opérationnels – Niveau 3,N/A,2015/9/30 au 2017/3/31,"1 825 718,40 $",Ce contrat comprend une modification ou plus.Ce contrat est une commande subséquente à un outil d'acquisition de Travaux public et Services gouvernementaux Canada.Ce contrat a été adjugé à un fournisseur autochtone.
http://wwwapps.tc.gc.ca/Corp-Serv-Gen/2/PDC-DPC/contrat/detail.aspx?Contract_ID=534039&trimestre=1&annee=2016,,HAWKER BEECHCRAFT CORPORATION,T8563-16-0082,2016/6/23,"Matière imprimée, incluant livres, journaux, images, textes, manuscrits et formules",2016/6/30,N/A,"12 756,83 $",Ce contrat est une commande subséquente à un outil d'acquisition de Travaux public et Services gouvernementaux Canada.
http://wwwapps.tc.gc.ca/Corp-Serv-Gen/2/PDC-DPC/contrat/detail.aspx?Contract_ID=534040&trimestre=1&annee=2016,,MINDWIRE,T8080-150249,2016/6/23,"Exprt-consl en tech de l’info - Architecte Technique / Spécialiste des applications de mobilité, niveau 3",N/A,2016/6/27 au 2017/6/26,"276 262,40 $",Ce contrat est une commande subséquente à un outil d'acquisition de Travaux public et Services gouvernementaux Canada.
http://wwwapps.tc.gc.ca/Corp-Serv-Gen/2/PDC-DPC/contrat/detail.aspx?Contract_ID=534037&trimestre=1&annee=2016,,FLIGHT SAFETY INTERNATIONAL,SPRC004/2016,2016/6/22,"Frais d'enseignmnt & frais de particptn à  des crs comprnt les semnr, non specf ailleurs  - entraînement en vol",2016/5/17,2016/5/17 au 2016/5/17,"11 508,00 $",Ce contrat est une commande subséquente à un outil d'acquisition de Travaux public et Services gouvernementaux Canada.
http://wwwapps.tc.gc.ca/Corp-Serv-Gen/2/PDC-DPC/contrat/detail.aspx?Contract_ID=534030&trimestre=1&annee=2016,,ADAMS RITE AEROSPACE,ASR-6147-033688,2016/6/21,Aéronefs,N/A,2016/6/21 au 2016/6/21,"18 736,38 $",Ce contrat a été adjugé à un fournisseur unique.
http://wwwapps.tc.gc.ca/Corp-Serv-Gen/2/PDC-DPC/contrat/detail.aspx?Contract_ID=534031&trimestre=1&annee=2016,,AIROMAX,T3200-160016,2016/6/21,Matières et pièces de la sécurité et de la sanitation,2017/3/31,N/A,"15 781,47 $",Ce contrat a été adjugé dans le cadre d'un concours.
http://wwwapps.tc.gc.ca/Corp-Serv-Gen/2/PDC-DPC/contrat/detail.aspx?Contract_ID=534032&trimestre=1&annee=2016,,BOMBARDIER INC,AS-6173-0058768,2016/6/21,Pièces d'aéronefs,2016/6/30,N/A,"29 820,49 $",Ce contrat est une commande subséquente à un outil d'acquisition de Travaux public et Services gouvernementaux Canada.
http://wwwapps.tc.gc.ca/Corp-Serv-Gen/2/PDC-DPC/contrat/detail.aspx?Contract_ID=534033&trimestre=1&annee=2016,,CCH CANADIAN LTD.,T8086-162104,2016/6/21,Licences/maintenance des logiciels clients de l'environnement d'informatique répartie (EIR),2017/4/1,N/A,"15 368,00 $",Ce contrat est une commande subséquente à un outil d'acquisition de Travaux public et Services gouvernementaux Canada.
http://wwwapps.tc.gc.ca/Corp-Serv-Gen/2/PDC-DPC/contrat/detail.aspx?Contract_ID=534034&trimestre=1&annee=2016,,FLIGHT SAFETY INTERNATIONAL,T4002-160007,2016/6/21,"Frais d'enseignement et frais de participation à des cours comprenant les séminaires, non spécifiés ailleur",N/A,2016/9/26 au 2016/9/30,"11 047,97 $",Ce contrat est une commande subséquente à un outil d'acquisition de Travaux public et Services gouvernementaux Canada.
http://wwwapps.tc.gc.ca/Corp-Serv-Gen/2/PDC-DPC/contrat/detail.aspx?Contract_ID=534035&trimestre=1&annee=2016,,SERVICES DE TRADUCTION MATRA-GS INC,T8080-150152,2016/6/21,Services de Traduction,N/A,2016/6/21 au 2017/6/30,"113 000,00 $",Ce contrat a été adjugé dans le cadre d'un concours.
http://wwwapps.tc.gc.ca/Corp-Serv-Gen/2/PDC-DPC/contrat/detail.aspx?Contract_ID=534036&trimestre=1&annee=2016,,TRADUCTION PROTEUS,T3033-160012,2016/6/21,Services de Traduction,N/A,2016/6/21 au 2016/9/30,"12 099,07 $",Ce contrat a été adjugé à un fournisseur unique.
http://wwwapps.tc.gc.ca/Corp-Serv-Gen/2/PDC-DPC/contrat/detail.aspx?Contract_ID=534027&trimestre=1&annee=2016,,DR. DAVID J. STEWART,T8080-140520,2016/6/20,Médecins & chirurgiens,N/A,2015/4/1 au 2017/3/31,"14 916,00 $",Ce contrat comprend une modification ou plus.Ce contrat fait suite à un préavis d'adjudication de contrat.Le contrat initial était moins que 10 000 $.
http://wwwapps.tc.gc.ca/Corp-Serv-Gen/2/PDC-DPC/contrat/detail.aspx?Contract_ID=534028&trimestre=1&annee=2016,,G.E. SIMPSON AND ASSOCIATES LTD,T8156-160013,2016/6/20,Services d'accès à des données et à des bases de données,2017/3/31,N/A,"10 000,00 $",Ce contrat a été adjugé à un fournisseur unique.
http://wwwapps.tc.gc.ca/Corp-Serv-Gen/2/PDC-DPC/contrat/detail.aspx?Contract_ID=534029&trimestre=1&annee=2016,,GEMTEC LIMITED,T2012-160001,2016/6/20,Services reliés à l'assainissement des sites contaminés,N/A,2016/6/20 au 2017/3/31,"39 779,96 $",Ce contrat a été adjugé dans le cadre d'un concours.
http://wwwapps.tc.gc.ca/Corp-Serv-Gen/2/PDC-DPC/contrat/detail.aspx?Contract_ID=534025&trimestre=1&annee=2016,,PETROVALUE PRODUCTS CANADA INC,T8563-16-0081,2016/6/16,Carburant d'aviation,2016/6/30,N/A,"10 920,05 $",Ce contrat est une commande subséquente à un outil d'acquisition de Travaux public et Services gouvernementaux Canada.
http://wwwapps.tc.gc.ca/Corp-Serv-Gen/2/PDC-DPC/contrat/detail.aspx?Contract_ID=534026&trimestre=1&annee=2016,,"ROCKWELL COLLINS, INC.",ASR-6153-033712,2016/6/16,Aéronefs,N/A,2016/6/16 au 2016/6/16,"10 438,08 $",Ce contrat a été adjugé à un fournisseur unique.
http://wwwapps.tc.gc.ca/Corp-Serv-Gen/2/PDC-DPC/contrat/detail.aspx?Contract_ID=534024&trimestre=1&annee=2016,,ECOLE DE LANGUES ABCE INC.,T8080-160033,2016/6/15,Conseillers en formation - Cours de Français,N/A,2016/9/12 au 2017/3/31,"23 887,50 $",Ce contrat est une commande subséquente à un outil d'acquisition de Travaux public et Services gouvernementaux Canada.
http://wwwapps.tc.gc.ca/Corp-Serv-Gen/2/PDC-DPC/contrat/detail.aspx?Contract_ID=534022&trimestre=1&annee=2016,,AON REED STENHOUSE INC.,T8080-160032,2016/6/14,"""Dépenses diverses, non classées ailleurs""",N/A,2016/7/1 au 2017/7/1,"59 066,23 $",Ce contrat est une commande subséquente à un outil d'acquisition de Travaux public et Services gouvernementaux Canada.
http://wwwapps.tc.gc.ca/Corp-Serv-Gen/2/PDC-DPC/contrat/detail.aspx?Contract_ID=534023&trimestre=1&annee=2016,,EMERION,T8080-140555,2016/6/14,Exprt-consl en tech de l’info - Analystes des systèmes opérationnels,N/A,2015/7/6 au 2017/7/5,"2 666 621,14 $",Ce contrat comprend une modification ou plus.Ce contrat est une commande subséquente à un outil d'acquisition de Travaux public et Services gouvernementaux Canada.
http://wwwapps.tc.gc.ca/Corp-Serv-Gen/2/PDC-DPC/contrat/detail.aspx?Contract_ID=534018&trimestre=1&annee=2016,,BOMBARDIER INC,ASR-6112-033552,2016/6/13,Aéronefs,N/A,2016/6/13 au 2016/6/13,"11 438,16 $",Ce contrat est une commande subséquente à un outil d'acquisition de Travaux public et Services gouvernementaux Canada.
http://wwwapps.tc.gc.ca/Corp-Serv-Gen/2/PDC-DPC/contrat/detail.aspx?Contract_ID=534019&trimestre=1&annee=2016,,CHEVRON CANADA LTD,T7202-160005,2016/6/13,Carburant d'aviation,2017/3/31,N/A,"136 500,00 $",Ce contrat est une commande subséquente à un outil d'acquisition de Travaux public et Services gouvernementaux Canada.
http://wwwapps.tc.gc.ca/Corp-Serv-Gen/2/PDC-DPC/contrat/detail.aspx?Contract_ID=534020&trimestre=1&annee=2016,,EXCEL HUMAN RESOURCES,T8053-150128,2016/6/13,Aide TempServices d'aide temporaire  - Services professionnels - Administration du programme – Supérieuroraire,N/A,2015/7/14 au 2016/12/4,"272 983,59 $",Ce contrat comprend une modification ou plus.Ce contrat est une commande subséquente à un outil d'acquisition de Travaux public et Services gouvernementaux Canada.
http://wwwapps.tc.gc.ca/Corp-Serv-Gen/2/PDC-DPC/contrat/detail.aspx?Contract_ID=534021&trimestre=1&annee=2016,,PETROVALUE PRODUCTS CANADA INC,T7202-160006,2016/6/13,Carburant d'aviation,2017/3/31,N/A,"27 300,00 $",Ce contrat est une commande subséquente à un outil d'acquisition de Travaux public et Services gouvernementaux Canada.
http://wwwapps.tc.gc.ca/Corp-Serv-Gen/2/PDC-DPC/contrat/detail.aspx?Contract_ID=534015&trimestre=1&annee=2016,,DILLON CONSULTING LIMITED,T4002-160006,2016/6/10,Services reliés à l'assainissement des sites contaminés,N/A,2016/6/10 au 2016/10/31,"16 968,08 $",Ce contrat a été adjugé à un fournisseur unique.
http://wwwapps.tc.gc.ca/Corp-Serv-Gen/2/PDC-DPC/contrat/detail.aspx?Contract_ID=534016&trimestre=1&annee=2016,,EXTRAVISION VIDEO TECHNOLOGIES INC,T8080-160028,2016/6/10,Services de protection,N/A,2016/6/10 au 2017/3/31,"24 998,99 $",Ce contrat a été adjugé à un fournisseur unique.
http://wwwapps.tc.gc.ca/Corp-Serv-Gen/2/PDC-DPC/contrat/detail.aspx?Contract_ID=534017&trimestre=1&annee=2016,,SURGENOR CHEVROLET BUICK GMC CADILLAC LTD,T8827-160019,2016/6/10,Véhicules automobiles de route,2016/6/30,N/A,"45 198,87 $",Ce contrat a été adjugé dans le cadre d'un concours.
http://wwwapps.tc.gc.ca/Corp-Serv-Gen/2/PDC-DPC/contrat/detail.aspx?Contract_ID=534011&trimestre=1&annee=2016,,AECOM CONSULTANTS INC,T3003-160014,2016/6/9,"Experts-conseils scientifiques - Suivi des travaux de plantation de zostère, Baie-Comeau",N/A,2016/6/9 au 2016/10/31,"15 013,44 $",Ce contrat est une commande subséquente à une offre à commande de Transports Canada.
http://wwwapps.tc.gc.ca/Corp-Serv-Gen/2/PDC-DPC/contrat/detail.aspx?Contract_ID=534012&trimestre=1&annee=2016,,HONEYWELL INC.,ASR-6139-033634,2016/6/9,Aéronefs,N/A,2016/6/9 au 2016/6/9,"38 787,32 $",Ce contrat est une commande subséquente à un outil d'acquisition de Travaux public et Services gouvernementaux Canada.
http://wwwapps.tc.gc.ca/Corp-Serv-Gen/2/PDC-DPC/contrat/detail.aspx?Contract_ID=534013&trimestre=1&annee=2016,,SNC-LAVALIN INC,T3003-160017,2016/6/9,Experts-conseils scientifiques – Conseils dans la gestion du déversement à Cap-aux-Meules,N/A,2016/6/10 au 2017/3/31,"33 664,68 $",Ce contrat est une commande subséquente à une offre à commande de Transports Canada.
http://wwwapps.tc.gc.ca/Corp-Serv-Gen/2/PDC-DPC/contrat/detail.aspx?Contract_ID=534014&trimestre=1&annee=2016,,"SOUTHEAST AEROSPACE, INC.",AS-6160-0058690,2016/6/9,Pièces d'aéronefs,2016/6/30,N/A,"14 193,95 $",Ce contrat a été adjugé à un fournisseur unique.
http://wwwapps.tc.gc.ca/Corp-Serv-Gen/2/PDC-DPC/contrat/detail.aspx?Contract_ID=534009&trimestre=1&annee=2016,,CAE INC.,T8493-150011/001,2016/6/8,Aéronefs,N/A,2015/9/16 au 2016/9/20,"1 323 280,85 $",Ce contrat comprend une modification ou plus.Le contrat a été adjugé par Travaux public et Services gouvernementaux Canada.
http://wwwapps.tc.gc.ca/Corp-Serv-Gen/2/PDC-DPC/contrat/detail.aspx?Contract_ID=534010&trimestre=1&annee=2016,,PITNEY BOWES OF CANADA LTD.,T8086-162095,2016/6/8,Matrl de communctn/réseau analg (inclut les pièces & périphrqus connx),2017/3/31,N/A,"16 705,17 $",Ce contrat a été adjugé dans le cadre d'un concours.
http://wwwapps.tc.gc.ca/Corp-Serv-Gen/2/PDC-DPC/contrat/detail.aspx?Contract_ID=534006&trimestre=1&annee=2016,,ALTIS HUMAN RESOURCES (OTTAWA) INC.,T8080-160022,2016/6/7,Frais de lic/mtce des logicls de réseau,N/A,2016/6/8 au 2018/6/7,"86 750,10 $",Ce contrat est une commande subséquente à un outil d'acquisition de Travaux public et Services gouvernementaux Canada.
http://wwwapps.tc.gc.ca/Corp-Serv-Gen/2/PDC-DPC/contrat/detail.aspx?Contract_ID=534007&trimestre=1&annee=2016,,IMPACT COACHING INC,T8080-160014,2016/6/7,Conseillers en formation - Fournir un accompagnement personnalisé,N/A,2016/6/7 au 2016/12/7,"11 865,00 $",Ce contrat est une commande subséquente à un outil d'acquisition de Travaux public et Services gouvernementaux Canada.
http://wwwapps.tc.gc.ca/Corp-Serv-Gen/2/PDC-DPC/contrat/detail.aspx?Contract_ID=534008&trimestre=1&annee=2016,,PRECISION AIRCRAFT COMPONENTS,AS-6155-0000038,2016/6/7,Pièces d'aéronefs,2016/6/30,N/A,"65 379,99 $",Le contrat a été adjugé par Travaux public et Services gouvernementaux Canada.
http://wwwapps.tc.gc.ca/Corp-Serv-Gen/2/PDC-DPC/contrat/detail.aspx?Contract_ID=534004&trimestre=1&annee=2016,,AUGER ET FRERE LTEE,T8827-160016,2016/6/6,Véhicules automobiles de route,2016/6/16,N/A,"35 825,52 $",Ce contrat a été adjugé dans le cadre d'un concours.
http://wwwapps.tc.gc.ca/Corp-Serv-Gen/2/PDC-DPC/contrat/detail.aspx?Contract_ID=534005&trimestre=1&annee=2016,,QUANTUM MANAGEMENT SERVICES LTD.,T8086-162068,2016/6/6,Services d'aide temporaire - Services professionnels - Approvisionnement - Intermédiaire,N/A,2016/6/6 au 2016/12/31,"36 272,92 $",Ce contrat est une commande subséquente à un outil d'acquisition de Travaux public et Services gouvernementaux Canada.
http://wwwapps.tc.gc.ca/Corp-Serv-Gen/2/PDC-DPC/contrat/detail.aspx?Contract_ID=533995&trimestre=1&annee=2016,,BCD ELECTRONICS LTD,AS-6155-0000253,2016/6/3,Pièces d'aéronefs,2016/6/30,N/A,"65 646,97 $",Le contrat a été adjugé par Travaux public et Services gouvernementaux Canada.
http://wwwapps.tc.gc.ca/Corp-Serv-Gen/2/PDC-DPC/contrat/detail.aspx?Contract_ID=533996&trimestre=1&annee=2016,,KITCHENER AERO AVIONICS LIMITED,AS-6155-0000037,2016/6/3,Pièces d'aéronefs,2016/6/30,N/A,"100 692,24 $",Le contrat a été adjugé par Travaux public et Services gouvernementaux Canada.
http://wwwapps.tc.gc.ca/Corp-Serv-Gen/2/PDC-DPC/contrat/detail.aspx?Contract_ID=533997&trimestre=1&annee=2016,,M. EMILIEN PELLETIER,SPRC0003/2016,2016/6/3,Services scientifiques - Surveillance et recherche des mollusques au port de Gaspé (Québec) - mandate 2016,2016/5/10,2016/5/10 au 2018/3/31,"75 286,00 $",Ce contrat a été adjugé à un fournisseur unique.
http://wwwapps.tc.gc.ca/Corp-Serv-Gen/2/PDC-DPC/contrat/detail.aspx?Contract_ID=533998&trimestre=1&annee=2016,,MHD ROCKLAND INC,AS-6155-0000035,2016/6/3,Pièces d'aéronefs,2016/6/30,N/A,"45 798,83 $",Le contrat a été adjugé par Travaux public et Services gouvernementaux Canada.
http://wwwapps.tc.gc.ca/Corp-Serv-Gen/2/PDC-DPC/contrat/detail.aspx?Contract_ID=533999&trimestre=1&annee=2016,,QUINTET CONSULTING CORPORATION,T8080-140425-1,2016/6/3,Services de conseillers en gestion - Enquête ,N/A,2015/2/9 au 2016/8/31,"72 757,88 $",Ce contrat comprend une modification ou plus.Ce contrat est une commande subséquente à un outil d'acquisition de Travaux public et Services gouvernementaux Canada.
http://wwwapps.tc.gc.ca/Corp-Serv-Gen/2/PDC-DPC/contrat/detail.aspx?Contract_ID=534000&trimestre=1&annee=2016,,SNC LAVALIN ENVIRONNEMENT INC.,T8156-150115,2016/6/3,Services scientifiques,N/A,2015/7/7 au 2017/3/31,"82 491,41 $",Ce contrat comprend une modification ou plus.Le contrat a été adjugé par Travaux public et Services gouvernementaux Canada.
http://wwwapps.tc.gc.ca/Corp-Serv-Gen/2/PDC-DPC/contrat/detail.aspx?Contract_ID=534001&trimestre=1&annee=2016,,THALES AVIONICS INC.,AS-6155-0000252,2016/6/3,Pièces d'aéronefs,2016/6/30,N/A,"70 494,82 $",Le contrat a été adjugé par Travaux public et Services gouvernementaux Canada.
http://wwwapps.tc.gc.ca/Corp-Serv-Gen/2/PDC-DPC/contrat/detail.aspx?Contract_ID=534002&trimestre=1&annee=2016,,TPG TECHNOLOGY CONSULTING LTD,T8080-130139,2016/6/3,"Expert-consl en tech de l’info - Opérations de production et de service de gestion de bureau de service, de contrôle d'accès et de déménagement",N/A,2013/12/16 au 2016/11/1,"3 037 257,17 $",Ce contrat comprend une modification ou plus.Ce contrat est une commande subséquente à un outil d'acquisition de Travaux public et Services gouvernementaux Canada.
http://wwwapps.tc.gc.ca/Corp-Serv-Gen/2/PDC-DPC/contrat/detail.aspx?Contract_ID=534003&trimestre=1&annee=2016,,UNISOURCE TECHNOLOGY INC.,AS-6155-0000036,2016/6/3,Pièces d'aéronefs,2016/6/30,N/A,"427 087,99 $",Le contrat a été adjugé par Travaux public et Services gouvernementaux Canada.
http://wwwapps.tc.gc.ca/Corp-Serv-Gen/2/PDC-DPC/contrat/detail.aspx?Contract_ID=533991&trimestre=1&annee=2016,,AERO SUPPLIES INC.,AS-6153-0058644,2016/6/2,Pièces d'aéronefs,2016/6/30,N/A,"23 357,61 $",Ce contrat comprend une modification ou plus.Ce contrat a été adjugé à un fournisseur unique.
http://wwwapps.tc.gc.ca/Corp-Serv-Gen/2/PDC-DPC/contrat/detail.aspx?Contract_ID=533992&trimestre=1&annee=2016,,BELL HELICOPTER TEXTRON,AS-6153-0058639,2016/6/2,Pièces d'aéronefs,2016/6/30,N/A,"22 119,01 $",Ce contrat comprend une modification ou plus.Ce contrat est une commande subséquente à un outil d'acquisition de Travaux public et Services gouvernementaux Canada.
http://wwwapps.tc.gc.ca/Corp-Serv-Gen/2/PDC-DPC/contrat/detail.aspx?Contract_ID=533993&trimestre=1&annee=2016,,CRESTWOOD TECHNOLOGY GROUP,AS-6097-0000032,2016/6/2,Pièces d'aéronefs,2016/6/30,N/A,"37 933,29 $",Le contrat a été adjugé par Travaux public et Services gouvernementaux Canada.
http://wwwapps.tc.gc.ca/Corp-Serv-Gen/2/PDC-DPC/contrat/detail.aspx?Contract_ID=533994&trimestre=1&annee=2016,,SAFRAN POWER USA LLC,T8563-16-0064,2016/6/2,"Matière imprimée, incluant livres, journaux, images, textes, manuscrits et formules",2016/6/30,N/A,"17 686,35 $",Ce contrat est une commande subséquente à un outil d'acquisition de Travaux public et Services gouvernementaux Canada.
http://wwwapps.tc.gc.ca/Corp-Serv-Gen/2/PDC-DPC/contrat/detail.aspx?Contract_ID=533988&trimestre=1&annee=2016,,BOMBARDIER INC,ASR-6152-033693,2016/6/1,Aéronefs,N/A,2016/6/1 au 2016/6/1,"13 271,71 $",Ce contrat est une commande subséquente à un outil d'acquisition de Travaux public et Services gouvernementaux Canada.
http://wwwapps.tc.gc.ca/Corp-Serv-Gen/2/PDC-DPC/contrat/detail.aspx?Contract_ID=533987&trimestre=1&annee=2016,,BOMBARDIER INC,ASR-6112-033555,2016/6/1,Aéronefs,N/A,2016/6/1 au 2016/6/1,"16 623,21 $",Ce contrat comprend une modification ou plus.Ce contrat est une commande subséquente à un outil d'acquisition de Travaux public et Services gouvernementaux Canada.
http://wwwapps.tc.gc.ca/Corp-Serv-Gen/2/PDC-DPC/contrat/detail.aspx?Contract_ID=533989&trimestre=1&annee=2016,,HOPE AERO PROPELLER & COMPONENTS,ASR-6113-033566,2016/6/1,Aéronefs,N/A,2016/6/1 au 2016/6/1,"11 939,80 $",Ce contrat est une commande subséquente à un outil d'acquisition de Travaux public et Services gouvernementaux Canada.
http://wwwapps.tc.gc.ca/Corp-Serv-Gen/2/PDC-DPC/contrat/detail.aspx?Contract_ID=533990&trimestre=1&annee=2016,,XEROX CANADA LTD,T8086-162061,2016/6/1,"Location de machinerie, de mobilier et d'installation de bureau, et d'autres équipement",N/A,2016/6/1 au 2021/5/31,"16 943,65 $",Ce contrat est une commande subséquente à un outil d'acquisition de Travaux public et Services gouvernementaux Canada.
http://wwwapps.tc.gc.ca/Corp-Serv-Gen/2/PDC-DPC/contrat/detail.aspx?Contract_ID=533986&trimestre=1&annee=2016,,BELL HELICOPTER TEXTRON,AS-6152-0058623,2016/5/31,Pièces d'aéronefs,2016/6/30,N/A,"31 835,89 $",Ce contrat est une commande subséquente à un outil d'acquisition de Travaux public et Services gouvernementaux Canada.
http://wwwapps.tc.gc.ca/Corp-Serv-Gen/2/PDC-DPC/contrat/detail.aspx?Contract_ID=533983&trimestre=1&annee=2016,,BEYOND TECHNOLOGIES CONSULTING INC,T8080-150446-1,2016/5/30,Exprt-consl en tech de l’info - Architecte technique à l'appui du SAP,N/A,2016/5/30 au 2017/5/26,"201 366,00 $",Ce contrat est une commande subséquente à un outil d'acquisition de Travaux public et Services gouvernementaux Canada.
http://wwwapps.tc.gc.ca/Corp-Serv-Gen/2/PDC-DPC/contrat/detail.aspx?Contract_ID=533984&trimestre=1&annee=2016,,INNES MACINTYRE & ASSOCIATES,T1607-150666,2016/5/30,"""Frais d'enseignement et frais de participation à des cours comprenant les séminaires, non spécifiés ailleurs"" - la formation de la retraite",N/A,2016/4/1 au 2017/3/31,"18 405,75 $",Ce contrat comprend une modification ou plus.Ce contrat a été adjugé dans le cadre d'un concours.Le contrat initial était moins que 10 000 $.
http://wwwapps.tc.gc.ca/Corp-Serv-Gen/2/PDC-DPC/contrat/detail.aspx?Contract_ID=533985&trimestre=1&annee=2016,,TRANE CANADA,T3125-160011,2016/5/30,"""Appareils de chauffage, de climatisation et de réfrigération""",N/A,2016/5/30 au 2016/6/30,"10 462,73 $",Ce contrat a été adjugé à un fournisseur unique.
http://wwwapps.tc.gc.ca/Corp-Serv-Gen/2/PDC-DPC/contrat/detail.aspx?Contract_ID=533981&trimestre=1&annee=2016,,ADRM TECHNOLOGY CONSULTING GROUP CORP,T8080-150118,2016/5/27,Exprt-Consl en tech de l'info - Analyste des systèmes opérationnels et Programmeur / Analystes,N/A,2015/10/9 au 2017/6/30,"556 792,81 $",Ce contrat comprend une modification ou plus.Ce contrat est une commande subséquente à un outil d'acquisition de Travaux public et Services gouvernementaux Canada.Ce contrat a été adjugé à un fournisseur autochtone.
http://wwwapps.tc.gc.ca/Corp-Serv-Gen/2/PDC-DPC/contrat/detail.aspx?Contract_ID=533982&trimestre=1&annee=2016,,UNISOURCE TECHNOLOGY INC.,AS-6098-0000206,2016/5/27,Pièces d'aéronefs,2016/6/30,N/A,"65 102,86 $",Le contrat a été adjugé par Travaux public et Services gouvernementaux Canada.
http://wwwapps.tc.gc.ca/Corp-Serv-Gen/2/PDC-DPC/contrat/detail.aspx?Contract_ID=533979&trimestre=1&annee=2016,,K & K ELECTRIC LTD,T7056-150044/001/PWY,2016/5/26,"""Matériel d'éclairage, de contrôle et de distribution d'électricité""",N/A,2016/6/1 au 2018/5/31,"125 160,00 $",Le contrat a été adjugé par Travaux public et Services gouvernementaux Canada.
http://wwwapps.tc.gc.ca/Corp-Serv-Gen/2/PDC-DPC/contrat/detail.aspx?Contract_ID=533980&trimestre=1&annee=2016,,TRUSTPOINT INNOVATION TECHNOLOGIES LTD,T8080-160019,2016/5/26,Services de conseillers en gestion - Évaluation de système de gestion de l'accréditation de sécurité des USA,N/A,2016/5/27 au 2017/3/31,"24 860,00 $",Ce contrat a été adjugé à un fournisseur unique.
http://wwwapps.tc.gc.ca/Corp-Serv-Gen/2/PDC-DPC/contrat/detail.aspx?Contract_ID=533974&trimestre=1&annee=2016,,BELL HELICOPTER TEXTRON,AS-6146-0058583,2016/5/25,Pièces d'aéronefs,2016/5/30,N/A,"11 586,09 $",Ce contrat est une commande subséquente à un outil d'acquisition de Travaux public et Services gouvernementaux Canada.
http://wwwapps.tc.gc.ca/Corp-Serv-Gen/2/PDC-DPC/contrat/detail.aspx?Contract_ID=533975&trimestre=1&annee=2016,,IT/NET,T8080-150446,2016/5/25,Exprt-consl en tech de l’info - Développeur SAP,N/A,2016/5/25 au 2017/5/24,"196 879,90 $",Ce contrat est une commande subséquente à un outil d'acquisition de Travaux public et Services gouvernementaux Canada.
http://wwwapps.tc.gc.ca/Corp-Serv-Gen/2/PDC-DPC/contrat/detail.aspx?Contract_ID=533976&trimestre=1&annee=2016,,NAV CANADA,T7038-16-0047,2016/5/25,"""Matière imprimée, incluant livres, journaux, images, textes, manuscrits et formules""",2017/3/31,N/A,"10 726,80 $",Ce contrat a été adjugé à un fournisseur unique.
http://wwwapps.tc.gc.ca/Corp-Serv-Gen/2/PDC-DPC/contrat/detail.aspx?Contract_ID=533977&trimestre=1&annee=2016,,WESTBORO AUTO IMPORTS LTD,T8827-160015,2016/5/25,Véhicules automobiles de route,2016/6/14,N/A,"22 621,75 $",Ce contrat a été adjugé dans le cadre d'un concours.
http://wwwapps.tc.gc.ca/Corp-Serv-Gen/2/PDC-DPC/contrat/detail.aspx?Contract_ID=533978&trimestre=1&annee=2016,,WSP CANADA INC,T3003-160009,2016/5/25,Experts-conseils scientifiques – Évaluation environnementale,N/A,2016/5/25 au 2016/12/31,"55 823,81 $",Ce contrat est une commande subséquente à une offre à commande de Transports Canada.
http://wwwapps.tc.gc.ca/Corp-Serv-Gen/2/PDC-DPC/contrat/detail.aspx?Contract_ID=533972&trimestre=1&annee=2016,,SHELL CANADA PRODUCTS LIMITED,T3036-160007,2016/5/24,Carburant d'aviation,2017/3/31,N/A,"206 437,61 $",Ce contrat est une commande subséquente à un outil d'acquisition de Travaux public et Services gouvernementaux Canada.
http://wwwapps.tc.gc.ca/Corp-Serv-Gen/2/PDC-DPC/contrat/detail.aspx?Contract_ID=533973&trimestre=1&annee=2016,,TRANE CANADA,T2065-160008,2016/5/24,Autres services commerciaux qui ne sont pas précisés ailleurs - entretien du système d'automatisation de bâtiment,N/A,2016/6/1 au 2019/5/31,"17 107,19 $",Ce contrat a été adjugé à un fournisseur unique.
http://wwwapps.tc.gc.ca/Corp-Serv-Gen/2/PDC-DPC/contrat/detail.aspx?Contract_ID=533970&trimestre=1&annee=2016,,BELL HELICOPTER TEXTRON,AS-6141-0058571,2016/5/20,Pièces d'aéronefs,2016/5/30,N/A,"12 726,50 $",Ce contrat est une commande subséquente à un outil d'acquisition de Travaux public et Services gouvernementaux Canada.
http://wwwapps.tc.gc.ca/Corp-Serv-Gen/2/PDC-DPC/contrat/detail.aspx?Contract_ID=533971&trimestre=1&annee=2016,,PRB MARINE ENGINEERING & TRAINING CONSULTING (PRB METC),T8080-150438,2016/5/20,Services de conseillers en gestion - Services d'ingénierie,N/A,2016/5/20 au 2017/3/31,"13 560,00 $",Ce contrat a été adjugé à un fournisseur unique.
http://wwwapps.tc.gc.ca/Corp-Serv-Gen/2/PDC-DPC/contrat/detail.aspx?Contract_ID=533956&trimestre=1&annee=2016,,AERO SUPPLIES INC.,AS-6097-0000031,2016/5/19,Pièces d'aéronefs,2016/5/30,N/A,"136 987,64 $",Le contrat a été adjugé par Travaux public et Services gouvernementaux Canada.
http://wwwapps.tc.gc.ca/Corp-Serv-Gen/2/PDC-DPC/contrat/detail.aspx?Contract_ID=533957&trimestre=1&annee=2016,,BOMBARDIER INC,AS-6140-0058543,2016/5/19,Pièces d'aéronefs,2016/5/30,N/A,"25 791,76 $",Ce contrat est une commande subséquente à un outil d'acquisition de Travaux public et Services gouvernementaux Canada.
http://wwwapps.tc.gc.ca/Corp-Serv-Gen/2/PDC-DPC/contrat/detail.aspx?Contract_ID=533958&trimestre=1&annee=2016,,BOMBARDIER INC,AS-6140-0058546,2016/5/19,Pièces d'aéronefs,2016/5/30,N/A,"14 971,98 $",Ce contrat est une commande subséquente à un outil d'acquisition de Travaux public et Services gouvernementaux Canada.
http://wwwapps.tc.gc.ca/Corp-Serv-Gen/2/PDC-DPC/contrat/detail.aspx?Contract_ID=533959&trimestre=1&annee=2016,,CESSNA AIRCRAFT COMPANY,ASR-6111-033531,2016/5/19,Aéronefs,N/A,2016/5/19 au 2016/5/19,"13 007,10 $",Ce contrat a été adjugé à un fournisseur unique.
http://wwwapps.tc.gc.ca/Corp-Serv-Gen/2/PDC-DPC/contrat/detail.aspx?Contract_ID=533960&trimestre=1&annee=2016,,HONEYWELL INC.,ASR-6071-033379,2016/5/19,Aéronefs,N/A,2016/5/19 au 2016/5/19,"18 058,21 $",Ce contrat est une commande subséquente à un outil d'acquisition de Travaux public et Services gouvernementaux Canada.
http://wwwapps.tc.gc.ca/Corp-Serv-Gen/2/PDC-DPC/contrat/detail.aspx?Contract_ID=533961&trimestre=1&annee=2016,,RALLYE MITSUBISHI,T8827-160010,2016/5/19,Véhicules automobiles de route,2016/5/27,N/A,"27 959,13 $",Ce contrat a été adjugé dans le cadre d'un concours.
http://wwwapps.tc.gc.ca/Corp-Serv-Gen/2/PDC-DPC/contrat/detail.aspx?Contract_ID=533962&trimestre=1&annee=2016,,RICOH CANADA INC.,T8086-162007-1,2016/5/19,"Location de machinerie, de mobilier et d'installation de bureau, et d'autres équipement",N/A,2016/5/19 au 2019/3/31,"12 636,51 $",Ce contrat est une commande subséquente à un outil d'acquisition de Travaux public et Services gouvernementaux Canada.
http://wwwapps.tc.gc.ca/Corp-Serv-Gen/2/PDC-DPC/contrat/detail.aspx?Contract_ID=533963&trimestre=1&annee=2016,,"ROCKWELL COLLINS, INC.",ASR-6102-033443,2016/5/19,Aéronefs,N/A,2016/5/19 au 2016/5/19,"11 769,26 $",Ce contrat comprend une modification ou plus.Ce contrat a été adjugé à un fournisseur unique.
http://wwwapps.tc.gc.ca/Corp-Serv-Gen/2/PDC-DPC/contrat/detail.aspx?Contract_ID=533964&trimestre=1&annee=2016,,SAP CANADA INC,T8086-162072,2016/5/19,Logiciels d'applications et de bases de données (y compris les cots) et logiciels de développement et de maintenance des applications et des bases de données,2017/3/31,N/A,"15 331,84 $",Ce contrat est une commande subséquente à un outil d'acquisition de Travaux public et Services gouvernementaux Canada.
http://wwwapps.tc.gc.ca/Corp-Serv-Gen/2/PDC-DPC/contrat/detail.aspx?Contract_ID=533965&trimestre=1&annee=2016,,SIMEX EQUIPMENT INC.,AS-6097-0000033,2016/5/19,Pièces d'aéronefs,2016/5/30,N/A,"476 284,37 $",Le contrat a été adjugé par Travaux public et Services gouvernementaux Canada.
http://wwwapps.tc.gc.ca/Corp-Serv-Gen/2/PDC-DPC/contrat/detail.aspx?Contract_ID=533966&trimestre=1&annee=2016,,TRIWARE TECHNOLOGIES INC.,T2065-160005,2016/5/19,Services d'ordinateurs - service internet,N/A,2016/5/20 au 2016/5/31,"14 880,97 $",Ce contrat a été adjugé dans le cadre d'un concours.
http://wwwapps.tc.gc.ca/Corp-Serv-Gen/2/PDC-DPC/contrat/detail.aspx?Contract_ID=533967&trimestre=1&annee=2016,,VECTOR AEROSPACE HELICOPTER SERVICES INC,AS-6095-0000030,2016/5/19,Pièces d'aéronefs,2016/5/30,N/A,"424 323,69 $",Le contrat a été adjugé par Travaux public et Services gouvernementaux Canada.
http://wwwapps.tc.gc.ca/Corp-Serv-Gen/2/PDC-DPC/contrat/detail.aspx?Contract_ID=533969&trimestre=1&annee=2016,,XEROX CANADA LTD,T8086-162071,2016/5/19,"Location de machinerie, de mobilier et d'installation de bureau, et d'autres équipement",N/A,2016/7/1 au 2021/6/30,"10 053,28 $",Ce contrat est une commande subséquente à un outil d'acquisition de Travaux public et Services gouvernementaux Canada.
http://wwwapps.tc.gc.ca/Corp-Serv-Gen/2/PDC-DPC/contrat/detail.aspx?Contract_ID=533968&trimestre=1&annee=2016,,XEROX CANADA LTD,T8086-162023-1,2016/5/19,"Location de machinerie, de mobilier et d'installation de bureau, et d'autres équipement",N/A,2016/5/19 au 2021/4/30,"11 392,43 $",Ce contrat est une commande subséquente à un outil d'acquisition de Travaux public et Services gouvernementaux Canada.
http://wwwapps.tc.gc.ca/Corp-Serv-Gen/2/PDC-DPC/contrat/detail.aspx?Contract_ID=533949&trimestre=1&annee=2016,,BOMBARDIER INC,ASR-6138-033631,2016/5/18,Aéronefs,N/A,2016/5/18 au 2016/5/18,"14 292,85 $",Ce contrat est une commande subséquente à un outil d'acquisition de Travaux public et Services gouvernementaux Canada.
http://wwwapps.tc.gc.ca/Corp-Serv-Gen/2/PDC-DPC/contrat/detail.aspx?Contract_ID=533950&trimestre=1&annee=2016,,HULL NISSAN,T8827-160013,2016/5/18,Véhicules automobiles de route,2016/6/7,N/A,"19 000,00 $",Ce contrat a été adjugé dans le cadre d'un concours.
http://wwwapps.tc.gc.ca/Corp-Serv-Gen/2/PDC-DPC/contrat/detail.aspx?Contract_ID=533951&trimestre=1&annee=2016,,KIA ON HUNTCLUB,T8827-160012,2016/5/18,Véhicules automobiles de route,2016/6/2,N/A,"14 870,80 $",Ce contrat a été adjugé dans le cadre d'un concours.
http://wwwapps.tc.gc.ca/Corp-Serv-Gen/2/PDC-DPC/contrat/detail.aspx?Contract_ID=533953&trimestre=1&annee=2016,,MESSIER DOWTY INC.,ASR-6127-033626,2016/5/18,Aéronefs,N/A,2016/5/18 au 2016/5/18,"41 742,77 $",Ce contrat est une commande subséquente à un outil d'acquisition de Travaux public et Services gouvernementaux Canada.
http://wwwapps.tc.gc.ca/Corp-Serv-Gen/2/PDC-DPC/contrat/detail.aspx?Contract_ID=533952&trimestre=1&annee=2016,,MESSIER DOWTY INC.,ASR-6124-033608,2016/5/18,Aéronefs,N/A,2016/5/18 au 2016/5/18,"365 767,02 $",Ce contrat est une commande subséquente à un outil d'acquisition de Travaux public et Services gouvernementaux Canada.
http://wwwapps.tc.gc.ca/Corp-Serv-Gen/2/PDC-DPC/contrat/detail.aspx?Contract_ID=533954&trimestre=1&annee=2016,,SURGENOR CHEVROLET BUICK GMC CADILLAC LTD,T8827-160011,2016/5/18,Véhicules automobiles de route,2016/5/27,N/A,"23 925,72 $",Ce contrat a été adjugé dans le cadre d'un concours.
http://wwwapps.tc.gc.ca/Corp-Serv-Gen/2/PDC-DPC/contrat/detail.aspx?Contract_ID=533955&trimestre=1&annee=2016,,XEROX CANADA LTD,T8086-162070,2016/5/18,"Location de machinerie, de mobilier et d'installation de bureau, et d'autres équipement",N/A,2016/5/18 au 2021/6/30,"13 821,31 $",Ce contrat est une commande subséquente à un outil d'acquisition de Travaux public et Services gouvernementaux Canada.
http://wwwapps.tc.gc.ca/Corp-Serv-Gen/2/PDC-DPC/contrat/detail.aspx?Contract_ID=533947&trimestre=1&annee=2016,,FLIGHT FUELS LP,T4075-160203,2016/5/17,Carburant d'aviation,2016/6/30,N/A,"17 219,14 $",Ce contrat est une commande subséquente à un outil d'acquisition de Travaux public et Services gouvernementaux Canada.
http://wwwapps.tc.gc.ca/Corp-Serv-Gen/2/PDC-DPC/contrat/detail.aspx?Contract_ID=533948&trimestre=1&annee=2016,,MANPOWER SERVICES CANADA LIMITED,T8080-150436,2016/5/17,Exprt-consl en tech de l’info - Chef de projet pour le SAP Business Intelligence,N/A,2016/5/24 au 2017/3/31,"162 313,20 $",Ce contrat est une commande subséquente à un outil d'acquisition de Travaux public et Services gouvernementaux Canada.
http://wwwapps.tc.gc.ca/Corp-Serv-Gen/2/PDC-DPC/contrat/detail.aspx?Contract_ID=533943&trimestre=1&annee=2016,,ADGA GROUP CONSULTANTS INC.,T8080-150222,2016/5/16,Exprt-consl en tech de l’info - Testeurs niveaux 2 et 3,N/A,2016/5/16 au 2017/5/17,"1 111 242,00 $",Ce contrat est une commande subséquente à un outil d'acquisition de Travaux public et Services gouvernementaux Canada.
http://wwwapps.tc.gc.ca/Corp-Serv-Gen/2/PDC-DPC/contrat/detail.aspx?Contract_ID=533944&trimestre=1&annee=2016,,AUDI PRESTIGE,T8827-160009,2016/5/16,Véhicules automobiles de route,2016/5/19,N/A,"47 256,60 $",Ce contrat a été adjugé dans le cadre d'un concours.
http://wwwapps.tc.gc.ca/Corp-Serv-Gen/2/PDC-DPC/contrat/detail.aspx?Contract_ID=533945&trimestre=1&annee=2016,,FERNO CANADA INC.,SPRC002/2016,2016/5/16,Auts pièces du matrl - fournitures médicales d'urgence pour trois aéroports,2016/3/29,2016/2/8 au 2016/3/29,"12 582,90 $",Ce contrat est une commande subséquente à un outil d'acquisition de Travaux public et Services gouvernementaux Canada.Ce contrat n'a pas été signalé précédemment.
http://wwwapps.tc.gc.ca/Corp-Serv-Gen/2/PDC-DPC/contrat/detail.aspx?Contract_ID=533946&trimestre=1&annee=2016,,XEROX CANADA LTD,T8086-162065,2016/5/16,"Location de machinerie, de mobilier et d'installation de bureau, et d'autres équipement",N/A,2016/6/1 au 2021/5/31,"39 552,43 $",Ce contrat est une commande subséquente à un outil d'acquisition de Travaux public et Services gouvernementaux Canada.
http://wwwapps.tc.gc.ca/Corp-Serv-Gen/2/PDC-DPC/contrat/detail.aspx?Contract_ID=533942&trimestre=1&annee=2016,,TIREE FACILITY SOLUTIONS,T8618-1201961/001/ZQ,2016/5/11,Services de conseillers en gestion - Chef de projet niveau 2,N/A,2016/5/11 au 2017/3/31,"78 817,50 $",Le contrat a été adjugé par Travaux public et Services gouvernementaux Canada.
http://wwwapps.tc.gc.ca/Corp-Serv-Gen/2/PDC-DPC/contrat/detail.aspx?Contract_ID=533938&trimestre=1&annee=2016,,ASSURED SECURITY TECHNOLOGIES INC,T8080-160018,2016/5/10,Autres services commerciaux qui ne sont pas précisés ailleurs - Fournir et installer un total de 2 nouvelles caméras PTZ et 2 caméras fixes à l'extérieur,N/A,2016/5/10 au 2016/6/10,"11 215,25 $",Ce contrat comprend une modification ou plus.Ce contrat a été adjugé à un fournisseur unique.
http://wwwapps.tc.gc.ca/Corp-Serv-Gen/2/PDC-DPC/contrat/detail.aspx?Contract_ID=533939&trimestre=1&annee=2016,,PETROVALUE PRODUCTS CANADA INC,T4075-160201,2016/5/10,Carburant d'aviation,N/A,2016/5/10 au 2016/6/10,"15 719,32 $",Ce contrat est une commande subséquente à un outil d'acquisition de Travaux public et Services gouvernementaux Canada.
http://wwwapps.tc.gc.ca/Corp-Serv-Gen/2/PDC-DPC/contrat/detail.aspx?Contract_ID=533941&trimestre=1&annee=2016,,XEROX CANADA LTD,T2018-130046,2016/5/10,"Location de machinerie, de mobilier et d'installation de bureau, et d'autres équipement",N/A,2013/11/1 au 2018/10/31,"27 100,15 $",Ce contrat comprend une modification ou plus.Ce contrat est une commande subséquente à un outil d'acquisition de Travaux public et Services gouvernementaux Canada.
http://wwwapps.tc.gc.ca/Corp-Serv-Gen/2/PDC-DPC/contrat/detail.aspx?Contract_ID=533940&trimestre=1&annee=2016,,XEROX CANADA LTD,T2018-130044,2016/5/10,"Location de machinerie, de mobilier et d'installation de bureau, et d'autres équipement",N/A,2013/11/1 au 2018/10/31,"25 637,38 $",Ce contrat comprend une modification ou plus.Ce contrat est une commande subséquente à un outil d'acquisition de Travaux public et Services gouvernementaux Canada.
http://wwwapps.tc.gc.ca/Corp-Serv-Gen/2/PDC-DPC/contrat/detail.aspx?Contract_ID=533933&trimestre=1&annee=2016,,2553-4330 QUEBEC INC. (AEROPRO),T3033-120069,2016/5/9,"Autres services commerciaux qui ne sont pas précisés ailleurs - Fournir un service d’administration, d’opération et d’entretien à l’aéroport des Îles de la Madeleine",N/A,2013/2/1 au 2016/11/30,"1 810 179,21 $",Ce contrat comprend une modification ou plus.Ce contrat a été adjugé dans le cadre d'un concours.
http://wwwapps.tc.gc.ca/Corp-Serv-Gen/2/PDC-DPC/contrat/detail.aspx?Contract_ID=533934&trimestre=1&annee=2016,,CEDRE,SPRC001/2016,2016/5/9,Service de conseiller en gest - Services de maintenance de site Web ,2016/3/10,2016/3/10 au 2016/3/10,"21 505,00 $",Ce contrat a été adjugé à un fournisseur unique.Ce contrat n'a pas été signalé précédemment.
http://wwwapps.tc.gc.ca/Corp-Serv-Gen/2/PDC-DPC/contrat/detail.aspx?Contract_ID=533935&trimestre=1&annee=2016,,PHP CANADA INC.,AS-6127-0000034,2016/5/9,Pièces d'aéronefs,2016/5/30,N/A,"94 849,58 $",Le contrat a été adjugé par Travaux public et Services gouvernementaux Canada.
http://wwwapps.tc.gc.ca/Corp-Serv-Gen/2/PDC-DPC/contrat/detail.aspx?Contract_ID=533936&trimestre=1&annee=2016,,"PRO-TEC FIRE SERVICES OF CANADA, ULC",T2012-130012,2016/5/9,"Autres services commerciaux qui ne sont pas précisés ailleurs - Services d'intervention d'urgence pour incendie, sur terrain",N/A,2013/10/2 au 2019/2/7,"6 540 140,06 $",Ce contrat comprend une modification ou plus.Le contrat a été adjugé par Travaux public et Services gouvernementaux Canada.
http://wwwapps.tc.gc.ca/Corp-Serv-Gen/2/PDC-DPC/contrat/detail.aspx?Contract_ID=533937&trimestre=1&annee=2016,,WESTPRO LANDSCAPING,T3125-140023,2016/5/9,Autres services commerciaux qui ne sont pas précisés ailleurs - Entretien paysager et des plantes éxterieures,N/A,2014/6/2 au 2016/11/30,"33 457,61 $",Ce contrat comprend une modification ou plus.Ce contrat a été adjugé dans le cadre d'un concours.
http://wwwapps.tc.gc.ca/Corp-Serv-Gen/2/PDC-DPC/contrat/detail.aspx?Contract_ID=533931&trimestre=1&annee=2016,,KPMG LLP,T8080-150373,2016/5/6,Services de conseillers en gestion -Pickering - Analyse du secteur de l'aviation,N/A,2016/5/9 au 2017/8/31,"873 162,99 $",Ce contrat est une commande subséquente à un outil d'acquisition de Travaux public et Services gouvernementaux Canada.
http://wwwapps.tc.gc.ca/Corp-Serv-Gen/2/PDC-DPC/contrat/detail.aspx?Contract_ID=533932&trimestre=1&annee=2016,,PUC SERVICES INC,T4002-160001,2016/5/6,Services reliés à l'assainissement des sites contaminés,N/A,2016/5/6 au 2016/6/30,"23 366,30 $",Ce contrat a été adjugé à un fournisseur unique.
http://wwwapps.tc.gc.ca/Corp-Serv-Gen/2/PDC-DPC/contrat/detail.aspx?Contract_ID=533928&trimestre=1&annee=2016,,AERO SUPPLIES INC.,AS-6126-0058483,2016/5/5,Pièces d'aéronefs,2016/5/30,N/A,"17 541,78 $",Ce contrat a été adjugé dans le cadre d'un concours.
http://wwwapps.tc.gc.ca/Corp-Serv-Gen/2/PDC-DPC/contrat/detail.aspx?Contract_ID=533929&trimestre=1&annee=2016,,"ROCKWELL COLLINS, INC.",ASR-6070-033360,2016/5/5,Aéronefs,N/A,2016/5/5 au 2016/5/5,"18 996,35 $",Ce contrat a été adjugé à un fournisseur unique.
http://wwwapps.tc.gc.ca/Corp-Serv-Gen/2/PDC-DPC/contrat/detail.aspx?Contract_ID=533930&trimestre=1&annee=2016,,VECTOR AEROSPACE,ASR-5155-032183,2016/5/5,Aéronefs,N/A,2016/5/5 au 2016/5/5,"52 714,50 $",Ce contrat est une commande subséquente à un outil d'acquisition de Travaux public et Services gouvernementaux Canada.
http://wwwapps.tc.gc.ca/Corp-Serv-Gen/2/PDC-DPC/contrat/detail.aspx?Contract_ID=533927&trimestre=1&annee=2016,,NATTIQ,t8080-150066,2016/5/4,Services de conseillers en gestion - Support senior pour le développement organisationnel ,N/A,2015/11/13 au 2016/11/12,"395 839,00 $",Ce contrat comprend une modification ou plus.Ce contrat est une commande subséquente à un outil d'acquisition de Travaux public et Services gouvernementaux Canada.
http://wwwapps.tc.gc.ca/Corp-Serv-Gen/2/PDC-DPC/contrat/detail.aspx?Contract_ID=533926&trimestre=1&annee=2016,,ALTIS HUMAN RESOURCES (OTTAWA) INC.,T8080-150447,2016/5/3,Services de conseillers en gestion - Conseiller spécial principal,N/A,2016/5/3 au 2017/5/2,"439 649,10 $",Ce contrat est une commande subséquente à un outil d'acquisition de Travaux public et Services gouvernementaux Canada.
http://wwwapps.tc.gc.ca/Corp-Serv-Gen/2/PDC-DPC/contrat/detail.aspx?Contract_ID=533920&trimestre=1&annee=2016,,HUNT CLUB NISSAN,T8827-160007,2016/4/28,Véhicules automobiles de route,2016/5/17,N/A,"25 506,00 $",Ce contrat a été adjugé dans le cadre d'un concours.
http://wwwapps.tc.gc.ca/Corp-Serv-Gen/2/PDC-DPC/contrat/detail.aspx?Contract_ID=533921&trimestre=1&annee=2016,,HUNT CLUB VOLKSWAGEN,T8827-160004,2016/4/28,Véhicules automobiles de route,2016/5/5,N/A,"25 312,00 $",Ce contrat a été adjugé dans le cadre d'un concours.
http://wwwapps.tc.gc.ca/Corp-Serv-Gen/2/PDC-DPC/contrat/detail.aspx?Contract_ID=533922&trimestre=1&annee=2016,,IRON MOUNTAIN,T4002-160002,2016/4/28,Autres services commerciaux qui ne sont pas précisés ailleurs - Service d'entreposage,N/A,2016/5/1 au 2017/3/31,"20 340,00 $",Ce contrat est une commande subséquente à un outil d'acquisition de Travaux public et Services gouvernementaux Canada.
http://wwwapps.tc.gc.ca/Corp-Serv-Gen/2/PDC-DPC/contrat/detail.aspx?Contract_ID=533923&trimestre=1&annee=2016,,KNOWLEDGE CIRCLE,T8080-160009,2016/4/28,"""Frais d'enseignement et frais de participation à des cours comprenant les séminaires, non spécifiés ailleurs""",N/A,2016/5/2 au 2016/7/31,"13 769,05 $",Ce contrat a été adjugé à un fournisseur unique.
http://wwwapps.tc.gc.ca/Corp-Serv-Gen/2/PDC-DPC/contrat/detail.aspx?Contract_ID=533924&trimestre=1&annee=2016,,LALLIER AUTOMOBILE (HULL ) INC.,T8827-160006,2016/4/28,Véhicules automobiles de route,2016/5/12,N/A,"24 311,95 $",Ce contrat a été adjugé dans le cadre d'un concours.
http://wwwapps.tc.gc.ca/Corp-Serv-Gen/2/PDC-DPC/contrat/detail.aspx?Contract_ID=533925&trimestre=1&annee=2016,,MONT BLEU FORD INC.,T8827-160008,2016/4/28,Véhicules automobiles de route,2016/5/24,N/A,"27 304,19 $",Ce contrat a été adjugé dans le cadre d'un concours.
http://wwwapps.tc.gc.ca/Corp-Serv-Gen/2/PDC-DPC/contrat/detail.aspx?Contract_ID=533917&trimestre=1&annee=2016,,FRANCIS FULLUM,T7061-140014/001/VIC,2016/4/26,Nettoyage d'immeubles à contrat,N/A,2015/7/1 au 2017/3/31,"76 069,35 $",Ce contrat comprend une modification ou plus.Le contrat a été adjugé par Travaux public et Services gouvernementaux Canada.
http://wwwapps.tc.gc.ca/Corp-Serv-Gen/2/PDC-DPC/contrat/detail.aspx?Contract_ID=533918&trimestre=1&annee=2016,,"ROCKWELL COLLINS, INC.",ASR-6067-033336,2016/4/26,Aéronefs,N/A,2016/4/26 au 2016/4/26,"10 513,22 $",Ce contrat a été adjugé à un fournisseur unique.
http://wwwapps.tc.gc.ca/Corp-Serv-Gen/2/PDC-DPC/contrat/detail.aspx?Contract_ID=533919&trimestre=1&annee=2016,,SPAR MARINE LIMITED,T8080-150324,2016/4/26,Conseillers techniques - construction - Fourniture et installation du traçage de la chaleur et de l'isolation,N/A,2015/11/27 au 2016/5/31,"309 458,55 $",Ce contrat comprend une modification ou plus.Ce contrat a été adjugé dans le cadre d'un concours.
http://wwwapps.tc.gc.ca/Corp-Serv-Gen/2/PDC-DPC/contrat/detail.aspx?Contract_ID=533915&trimestre=1&annee=2016,,AECOM TECSULT INC.,T3003-160003,2016/4/25,"Experts-conseils scientifiques - Inventaire aquatique, évaluation environnementale",N/A,2016/4/25 au 2016/11/30,"104 485,83 $",Ce contrat est une commande subséquente à une offre à commande de Transports Canada.
http://wwwapps.tc.gc.ca/Corp-Serv-Gen/2/PDC-DPC/contrat/detail.aspx?Contract_ID=533916&trimestre=1&annee=2016,,FLIGHT SAFETY CANADA,T4002-160004,2016/4/25,"Frais d'enseignement et frais de participation à des cours comprenant les séminaires, non spécifiés ailleur",N/A,2016/5/2 au 2016/5/13,"12 084,95 $",Ce contrat est une commande subséquente à un outil d'acquisition de Travaux public et Services gouvernementaux Canada.
http://wwwapps.tc.gc.ca/Corp-Serv-Gen/2/PDC-DPC/contrat/detail.aspx?Contract_ID=533913&trimestre=1&annee=2016,,AQUIRE SOLUTIONS INC.,T8086-162027,2016/4/21,Licences/maintenance des logiciels clients de l'environnement d'informatique répartie (EIR),2017/4/30,N/A,"13 470,38 $",Ce contrat a été adjugé dans le cadre d'un concours.
http://wwwapps.tc.gc.ca/Corp-Serv-Gen/2/PDC-DPC/contrat/detail.aspx?Contract_ID=533914&trimestre=1&annee=2016,,OTTAWA CONVENTION CENTER,T8498-14-0002,2016/4/21,Location- autres,N/A,2014/4/9 au 2017/3/31,"33 710,16 $",Ce contrat comprend une modification ou plus.Ce contrat a été adjugé dans le cadre d'un concours.
http://wwwapps.tc.gc.ca/Corp-Serv-Gen/2/PDC-DPC/contrat/detail.aspx?Contract_ID=533905&trimestre=1&annee=2016,,COLLISION ANALYSIS CONSULTING LIMITED,T8062-090004-09,2016/4/20,Contrats de recherche,N/A,2013/4/1 au 2017/3/31,"1 459 145,01 $",Ce contrat comprend une modification ou plus.Le contrat a été adjugé par Travaux public et Services gouvernementaux Canada.
http://wwwapps.tc.gc.ca/Corp-Serv-Gen/2/PDC-DPC/contrat/detail.aspx?Contract_ID=533906&trimestre=1&annee=2016,,MANPOWER SERVICES CANADA LIMITED,T8080-150261,2016/4/20,Exprt-Consl en tech de l'info - Designer Web - Niveau 3,N/A,2015/10/27 au 2017/3/31,"88 380,35 $",Ce contrat comprend une modification ou plus.Ce contrat est une commande subséquente à un outil d'acquisition de Travaux public et Services gouvernementaux Canada.
http://wwwapps.tc.gc.ca/Corp-Serv-Gen/2/PDC-DPC/contrat/detail.aspx?Contract_ID=533907&trimestre=1&annee=2016,,MAPLESOFT CONSULTING INC.,T8080-110467,2016/4/20,"Exprt-Consl en tech de l'info - Analyste-programmeur, niveau 2",N/A,2012/7/3 au 2016/6/30,"1 037 666,57 $",Ce contrat comprend une modification ou plus.Ce contrat est une commande subséquente à un outil d'acquisition de Travaux public et Services gouvernementaux Canada.
http://wwwapps.tc.gc.ca/Corp-Serv-Gen/2/PDC-DPC/contrat/detail.aspx?Contract_ID=533908&trimestre=1&annee=2016,,RICOH CANADA INC.,T8563-11-0360,2016/4/20,"Location de machinerie, de mobilier et d'installation de bureau, et d'autres équipement",N/A,2011/10/3 au 2016/12/31,"43 986,74 $",Ce contrat comprend une modification ou plus.Ce contrat est une commande subséquente à un outil d'acquisition de Travaux public et Services gouvernementaux Canada.
http://wwwapps.tc.gc.ca/Corp-Serv-Gen/2/PDC-DPC/contrat/detail.aspx?Contract_ID=533909&trimestre=1&annee=2016,,RONA KINETICS & ASSOCIATES LTD,T8062-090004-10,2016/4/20,Contrats de recherche,N/A,2013/4/1 au 2017/3/31,"1 023 292,87 $",Ce contrat comprend une modification ou plus.Le contrat a été adjugé par Travaux public et Services gouvernementaux Canada.
http://wwwapps.tc.gc.ca/Corp-Serv-Gen/2/PDC-DPC/contrat/detail.aspx?Contract_ID=533910&trimestre=1&annee=2016,,TURNING STONE MEDICAL (TSM) INC.,T8080-140579,2016/4/20,Médecins et chirurgiens,N/A,2015/4/1 au 2017/3/31,"194 163,71 $",Ce contrat comprend une modification ou plus.Ce contrat fait suite à un préavis d'adjudication de contrat.
http://wwwapps.tc.gc.ca/Corp-Serv-Gen/2/PDC-DPC/contrat/detail.aspx?Contract_ID=533911&trimestre=1&annee=2016,,UNIVERSITY OF NEW BRUNSWICK,T8062-090004-02,2016/4/20,Contrats de recherche,N/A,2015/4/1 au 2017/3/31,"1 348 219,99 $",Ce contrat comprend une modification ou plus.Le contrat a été adjugé par Travaux public et Services gouvernementaux Canada.
http://wwwapps.tc.gc.ca/Corp-Serv-Gen/2/PDC-DPC/contrat/detail.aspx?Contract_ID=533912&trimestre=1&annee=2016,,UNIVERSITY OF WESTERN ONTARIO,T8062-090004-06,2016/4/20,Contrats de recherche,N/A,2013/4/1 au 2017/3/31,"2 163 922,77 $",Ce contrat comprend une modification ou plus.Le contrat a été adjugé par Travaux public et Services gouvernementaux Canada.
http://wwwapps.tc.gc.ca/Corp-Serv-Gen/2/PDC-DPC/contrat/detail.aspx?Contract_ID=533901&trimestre=1&annee=2016,,ALPINE AEROTECH LTD.,AS-6110-0058375-1,2016/4/19,Pièces d'aéronefs,2016/4/30,N/A,"15 829,85 $",Ce contrat a été adjugé à un fournisseur unique.
http://wwwapps.tc.gc.ca/Corp-Serv-Gen/2/PDC-DPC/contrat/detail.aspx?Contract_ID=533902&trimestre=1&annee=2016,,ARI FINANCIAL SERVICES INC.,T2018-150060,2016/4/19,Services de conseillers en gestion - Service de soutien du parc automobile ,N/A,2015/9/1 au 2017/8/31,"10 645,13 $",Ce contrat comprend une modification ou plus.Ce contrat est une commande subséquente à un outil d'acquisition de Travaux public et Services gouvernementaux Canada.Ce contrat n'a pas été signalé précédemment.
http://wwwapps.tc.gc.ca/Corp-Serv-Gen/2/PDC-DPC/contrat/detail.aspx?Contract_ID=533903&trimestre=1&annee=2016,,HERITAGE COURT HOLDINGS LTD.,T2018-140105,2016/4/19,Autres services commerciaux qui ne sont pas précisés ailleurs - Service d'entreposage,N/A,2014/10/27 au 2017/3/31,"14 780,40 $",Ce contrat comprend une modification ou plus.Ce contrat a été adjugé à un fournisseur unique.Le contrat initial était moins que 10 000 $.
http://wwwapps.tc.gc.ca/Corp-Serv-Gen/2/PDC-DPC/contrat/detail.aspx?Contract_ID=533904&trimestre=1&annee=2016,,PLANTERRA,T3125-130006,2016/4/19,Autres services commerciaux qui ne sont pas précisés ailleurs - Entretien des plantes intérieures,N/A,2013/5/1 au 2016/6/30,"35 008,60 $",Ce contrat comprend une modification ou plus.Ce contrat a été adjugé dans le cadre d'un concours.
http://wwwapps.tc.gc.ca/Corp-Serv-Gen/2/PDC-DPC/contrat/detail.aspx?Contract_ID=533900&trimestre=1&annee=2016,,IRON MOUNTAIN,T5009-160002,2016/4/18,Gestion des dossiers y compris transfert et stockage pour l’emplacement de Transports Canada Winnipeg,N/A,2016/5/1 au 2017/3/31,"26 250,00 $",Ce contrat comprend une modification ou plus.Ce contrat est une commande subséquente à un outil d'acquisition de Travaux public et Services gouvernementaux Canada.
http://wwwapps.tc.gc.ca/Corp-Serv-Gen/2/PDC-DPC/contrat/detail.aspx?Contract_ID=533892&trimestre=1&annee=2016,,AIR CANADA CARGO,T8563-16-0028,2016/4/16,Transports d'objets non spécifiés ailleurs,N/A,2016/4/16 au 2018/3/31,"55 370,00 $",Ce contrat est une commande subséquente à un outil d'acquisition de Travaux public et Services gouvernementaux Canada.
http://wwwapps.tc.gc.ca/Corp-Serv-Gen/2/PDC-DPC/contrat/detail.aspx?Contract_ID=533893&trimestre=1&annee=2016,,DAY & ROSS,T8563-16-0029,2016/4/16,Transports d'objets non spécifiés ailleurs,N/A,2016/4/16 au 2018/3/31,"102 830,00 $",Ce contrat est une commande subséquente à un outil d'acquisition de Travaux public et Services gouvernementaux Canada.
http://wwwapps.tc.gc.ca/Corp-Serv-Gen/2/PDC-DPC/contrat/detail.aspx?Contract_ID=533895&trimestre=1&annee=2016,,FEDERAL EXPRESS CANADA LTD.,T8563-16-0026,2016/4/16,Transports d'objets non spécifiés ailleurs,N/A,2016/4/16 au 2018/3/31,"348 040,00 $",Ce contrat est une commande subséquente à un outil d'acquisition de Travaux public et Services gouvernementaux Canada.
http://wwwapps.tc.gc.ca/Corp-Serv-Gen/2/PDC-DPC/contrat/detail.aspx?Contract_ID=533894&trimestre=1&annee=2016,,FEDERAL EXPRESS CANADA LTD.,T8563-160025,2016/4/16,Autres services professionnels non précisés ailleurs,2019/3/31,N/A,"103 395,00 $",Ce contrat est une commande subséquente à un outil d'acquisition de Travaux public et Services gouvernementaux Canada.
http://wwwapps.tc.gc.ca/Corp-Serv-Gen/2/PDC-DPC/contrat/detail.aspx?Contract_ID=533896&trimestre=1&annee=2016,,PETROVALUE PRODUCTS CANADA INC,T7200-160005,2016/4/16,Carburant d'aviation,2017/3/31,N/A,"118 125,00 $",Ce contrat est une commande subséquente à un outil d'acquisition de Travaux public et Services gouvernementaux Canada.
http://wwwapps.tc.gc.ca/Corp-Serv-Gen/2/PDC-DPC/contrat/detail.aspx?Contract_ID=533897&trimestre=1&annee=2016,,PUROLATOR INCORPORATED,T8563-16-0027,2016/4/16,Transports d'objets non spécifiés ailleurs,N/A,2016/4/16 au 2018/3/31,"372 900,00 $",Ce contrat est une commande subséquente à un outil d'acquisition de Travaux public et Services gouvernementaux Canada.
http://wwwapps.tc.gc.ca/Corp-Serv-Gen/2/PDC-DPC/contrat/detail.aspx?Contract_ID=533898&trimestre=1&annee=2016,,QUICK MESSENGER SERVICES,T8563-16-0030,2016/4/16,Transports d'objets non spécifiés ailleurs,N/A,2016/4/16 au 2018/3/31,"10 735,00 $",Ce contrat est une commande subséquente à un outil d'acquisition de Travaux public et Services gouvernementaux Canada.
http://wwwapps.tc.gc.ca/Corp-Serv-Gen/2/PDC-DPC/contrat/detail.aspx?Contract_ID=533899&trimestre=1&annee=2016,,"SATCOM DIRECT, INC.",T8493-120045/001/CAG,2016/4/16,Système de communications pas satellite de bord ,N/A,2012/9/14 au 2017/9/11,"791 617,27 $",Ce contrat comprend une modification ou plus.Le contrat a été adjugé par Travaux public et Services gouvernementaux Canada.
http://wwwapps.tc.gc.ca/Corp-Serv-Gen/2/PDC-DPC/contrat/detail.aspx?Contract_ID=533891&trimestre=1&annee=2016,,ERMS SOLUTIONS LIMITED,T8211-120001/001/XL,2016/4/15,Services d'ordinateurs,N/A,2015/3/28 au 2017/3/30,"98 865,96 $",Ce contrat comprend une modification ou plus.Le contrat a été adjugé par Travaux public et Services gouvernementaux Canada.
http://wwwapps.tc.gc.ca/Corp-Serv-Gen/2/PDC-DPC/contrat/detail.aspx?Contract_ID=533887&trimestre=1&annee=2016,,AVIATION REFUELING SERVICES/DIVISION OF VALLEY OIL LTD.,T8563-16-0014,2016/4/14,Carburant d'aviation,2017/3/31,N/A,"169 500,00 $",Ce contrat est une commande subséquente à un outil d'acquisition de Travaux public et Services gouvernementaux Canada.
http://wwwapps.tc.gc.ca/Corp-Serv-Gen/2/PDC-DPC/contrat/detail.aspx?Contract_ID=533888&trimestre=1&annee=2016,,CANADIAN CORPS OF COMMISSIONAIRES,T8080-160007,2016/4/14,Services de protection,N/A,2016/4/14 au 2017/3/31,"333 934,48 $",Ce contrat est une commande subséquente à un outil d'acquisition de Travaux public et Services gouvernementaux Canada.
http://wwwapps.tc.gc.ca/Corp-Serv-Gen/2/PDC-DPC/contrat/detail.aspx?Contract_ID=533889&trimestre=1&annee=2016,,IRVING OIL COMMERCIAL GP,T8563-160013,2016/4/14,Carburant d'aviation,2017/3/31,N/A,"45 200,00 $",Ce contrat est une commande subséquente à un outil d'acquisition de Travaux public et Services gouvernementaux Canada.
http://wwwapps.tc.gc.ca/Corp-Serv-Gen/2/PDC-DPC/contrat/detail.aspx?Contract_ID=533890&trimestre=1&annee=2016,,XEROX CANADA LTD,T8086-162015,2016/4/14,"Location de machinerie, de mobilier et d'installation de bureau, et d'autres équipement",N/A,2016/5/1 au 2021/4/30,"18 758,20 $",Ce contrat est une commande subséquente à un outil d'acquisition de Travaux public et Services gouvernementaux Canada.
http://wwwapps.tc.gc.ca/Corp-Serv-Gen/2/PDC-DPC/contrat/detail.aspx?Contract_ID=533886&trimestre=1&annee=2016,,ALSCOTT AIR SYSTEMS LTD,T8010-150151,2016/4/13,Conseillers techniques - Fournir et installer 2  systèmes de préchauffage,2017/3/31,N/A,"56 500,00 $",Le contrat a été adjugé par Travaux public et Services gouvernementaux Canada.
http://wwwapps.tc.gc.ca/Corp-Serv-Gen/2/PDC-DPC/contrat/detail.aspx?Contract_ID=533882&trimestre=1&annee=2016,,CESSNA AIRCRAFT COMPANY,AS-6102-0058325,2016/4/12,Pièces d'aéronefs,2016/4/30,N/A,"11 255,10 $",Ce contrat est une commande subséquente à un outil d'acquisition de Travaux public et Services gouvernementaux Canada.
http://wwwapps.tc.gc.ca/Corp-Serv-Gen/2/PDC-DPC/contrat/detail.aspx?Contract_ID=533883&trimestre=1&annee=2016,,HELITRADES INC.,ASR-6098-033432,2016/4/12,Aéronefs,N/A,2016/4/12 au 2016/4/12,"38 420,00 $",Ce contrat est une commande subséquente à un outil d'acquisition de Travaux public et Services gouvernementaux Canada.
http://wwwapps.tc.gc.ca/Corp-Serv-Gen/2/PDC-DPC/contrat/detail.aspx?Contract_ID=533884&trimestre=1&annee=2016,,P & R SERVICES,T8080-160005,2016/4/12,Autres services commerciaux qui ne sont pas précisés ailleurs - Services de relocalisation pour fournir 1 déménageur / installateur,N/A,2016/4/13 au 2016/7/8,"13 560,00 $",Ce contrat est une commande subséquente à un outil d'acquisition de Travaux public et Services gouvernementaux Canada.
http://wwwapps.tc.gc.ca/Corp-Serv-Gen/2/PDC-DPC/contrat/detail.aspx?Contract_ID=533885&trimestre=1&annee=2016,,SYSTEMATIX,T8080-150001,2016/4/12,"Services d'aide temporaire - Services techniques - informatique, support aux applications - Avancé",N/A,2015/5/11 au 2016/9/25,"380 030,30 $",Ce contrat comprend une modification ou plus.Ce contrat est une commande subséquente à un outil d'acquisition de Travaux public et Services gouvernementaux Canada.
http://wwwapps.tc.gc.ca/Corp-Serv-Gen/2/PDC-DPC/contrat/detail.aspx?Contract_ID=533879&trimestre=1&annee=2016,,ABCE LANGUAGE SCHOOL INC,T8080-160003,2016/4/8,"""Frais d'enseignement et frais de participation à des cours comprenant les séminaires, non spécifiés ailleurs""",N/A,2016/4/8 au 2016/10/31,"28 876,25 $",Ce contrat comprend une modification ou plus.Ce contrat est une commande subséquente à un outil d'acquisition de Travaux public et Services gouvernementaux Canada.
http://wwwapps.tc.gc.ca/Corp-Serv-Gen/2/PDC-DPC/contrat/detail.aspx?Contract_ID=533880&trimestre=1&annee=2016,,CANADIAN MARITIME ENGINEERING LTD,T8010-150150,2016/4/8,Construction et installation d'une passerelle d'aluminium articulé,N/A,2016/4/8 au 2017/3/31,"293 800,00 $",Le contrat a été adjugé par Travaux public et Services gouvernementaux Canada.
http://wwwapps.tc.gc.ca/Corp-Serv-Gen/2/PDC-DPC/contrat/detail.aspx?Contract_ID=533881&trimestre=1&annee=2016,,HELITRADES INC.,ASR-6098-033431,2016/4/8,Aéronefs,N/A,2016/4/8 au 2016/4/8,"76 840,00 $",Ce contrat est une commande subséquente à un outil d'acquisition de Travaux public et Services gouvernementaux Canada.
http://wwwapps.tc.gc.ca/Corp-Serv-Gen/2/PDC-DPC/contrat/detail.aspx?Contract_ID=533878&trimestre=1&annee=2016,,MESSIER DOWTY INC.,ASR-6027-033157,2016/4/7,Aéronefs,N/A,2016/4/7 au 2016/4/7,"30 786,22 $",Ce contrat est une commande subséquente à un outil d'acquisition de Travaux public et Services gouvernementaux Canada.
http://wwwapps.tc.gc.ca/Corp-Serv-Gen/2/PDC-DPC/contrat/detail.aspx?Contract_ID=533872&trimestre=1&annee=2016,,BELL HELICOPTER TEXTRON,AS-6097-0058281,2016/4/6,Pièces d'aéronefs,2016/4/30,N/A,"18 445,39 $",Ce contrat comprend une modification ou plus.Ce contrat est une commande subséquente à un outil d'acquisition de Travaux public et Services gouvernementaux Canada.
http://wwwapps.tc.gc.ca/Corp-Serv-Gen/2/PDC-DPC/contrat/detail.aspx?Contract_ID=533873&trimestre=1&annee=2016,,DR. EDWARD BEKERIS,T8080-140573,2016/4/6,Médecins et chirurgiens,N/A,2015/4/1 au 2017/3/31,"310 840,40 $",Ce contrat comprend une modification ou plus.Ce contrat fait suite à un préavis d'adjudication de contrat.
http://wwwapps.tc.gc.ca/Corp-Serv-Gen/2/PDC-DPC/contrat/detail.aspx?Contract_ID=533874&trimestre=1&annee=2016,,LES SYSTEMES ET SERVICES D'INTERPRETATION LMB INC.,T8080-150454,2016/4/6,Services audio-visuels,N/A,2016/4/6 au 2016/4/21,"27 995,75 $",Ce contrat est une commande subséquente à un outil d'acquisition de Travaux public et Services gouvernementaux Canada.
http://wwwapps.tc.gc.ca/Corp-Serv-Gen/2/PDC-DPC/contrat/detail.aspx?Contract_ID=533875&trimestre=1&annee=2016,,MINDWIRE,T8080-150119,2016/4/6,Exprt-consl en tech de l’info - Services professionnels pour soutenir les systèmes,N/A,2016/4/6 au 2017/3/31,"1 877 969,60 $",Ce contrat est une commande subséquente à un outil d'acquisition de Travaux public et Services gouvernementaux Canada.
http://wwwapps.tc.gc.ca/Corp-Serv-Gen/2/PDC-DPC/contrat/detail.aspx?Contract_ID=533876&trimestre=1&annee=2016,,PMG TECHNOLOGIES INC.,T8056-150077,2016/4/6,Services scientifiques,2016/4/6,N/A,"207 726,34 $",Ce contrat comprend une modification ou plus.Ce contrat est une commande subséquente à un outil d'acquisition de Travaux public et Services gouvernementaux Canada.Ce contrat est un OGEE (Organisme gouvernemental exploité par un entrepreneur).
http://wwwapps.tc.gc.ca/Corp-Serv-Gen/2/PDC-DPC/contrat/detail.aspx?Contract_ID=533877&trimestre=1&annee=2016,,PROGITECH G.S. INC.,T3001-110039/001,2016/4/6,Logiciels d'applications et de bases de données (y compris les cots) et logiciels de développement et de maintenance des applications et des bases de données,N/A,2014/2/12 au 2017/2/17,"108 752,13 $",Ce contrat comprend une modification ou plus.Le contrat a été adjugé par Travaux public et Services gouvernementaux Canada.
http://wwwapps.tc.gc.ca/Corp-Serv-Gen/2/PDC-DPC/contrat/detail.aspx?Contract_ID=533865&trimestre=1&annee=2016,,AERO SUPPLIES INC.,AS-6096-0058277,2016/4/5,Pièces d'aéronefs,2016/4/30,N/A,"11 507,58 $",Ce contrat a été adjugé à un fournisseur unique.
http://wwwapps.tc.gc.ca/Corp-Serv-Gen/2/PDC-DPC/contrat/detail.aspx?Contract_ID=533866&trimestre=1&annee=2016,,AUGER ET FRERE LTEE,T8827-160003,2016/4/5,Véhicules automobiles de route,2016/4/15,N/A,"32 595,98 $",Ce contrat a été adjugé dans le cadre d'un concours.
http://wwwapps.tc.gc.ca/Corp-Serv-Gen/2/PDC-DPC/contrat/detail.aspx?Contract_ID=533867&trimestre=1&annee=2016,,BELL HELICOPTER TEXTRON,AS-6092-0058231,2016/4/5,Pièces d'aéronefs,2016/4/30,N/A,"11 293,53 $",Ce contrat comprend une modification ou plus.Ce contrat est une commande subséquente à un outil d'acquisition de Travaux public et Services gouvernementaux Canada.
http://wwwapps.tc.gc.ca/Corp-Serv-Gen/2/PDC-DPC/contrat/detail.aspx?Contract_ID=533868&trimestre=1&annee=2016,,CESSNA AIRCRAFT COMPANY,AS-6096-0058275,2016/4/5,Pièces d'aéronefs,2016/4/30,N/A,"11 582,65 $",Ce contrat est une commande subséquente à un outil d'acquisition de Travaux public et Services gouvernementaux Canada.
http://wwwapps.tc.gc.ca/Corp-Serv-Gen/2/PDC-DPC/contrat/detail.aspx?Contract_ID=533869&trimestre=1&annee=2016,,DAN'S TOWING AND BOOSTING SERVICE,T8080-150380,2016/4/5,Transports d'objets non spécifiés ailleurs,N/A,2016/4/5 au 2017/3/31,"36 813,14 $",Ce contrat a été adjugé dans le cadre d'un concours.
http://wwwapps.tc.gc.ca/Corp-Serv-Gen/2/PDC-DPC/contrat/detail.aspx?Contract_ID=533870&trimestre=1&annee=2016,,PETROVALUE PRODUCTS CANADA INC,T7200-160002,2016/4/5,Carburant d'aviation,2017/3/31,N/A,"60 747,75 $",Ce contrat est une commande subséquente à un outil d'acquisition de Travaux public et Services gouvernementaux Canada.
http://wwwapps.tc.gc.ca/Corp-Serv-Gen/2/PDC-DPC/contrat/detail.aspx?Contract_ID=533871&trimestre=1&annee=2016,,TEKNION FURNITURE SYSTEM INC.,T8080-160004,2016/4/5,Mobilier et ameublement du bureau incluant des pièces,2016/5/4,N/A,"15 982,47 $",Ce contrat est une commande subséquente à un outil d'acquisition de Travaux public et Services gouvernementaux Canada.
http://wwwapps.tc.gc.ca/Corp-Serv-Gen/2/PDC-DPC/contrat/detail.aspx?Contract_ID=533864&trimestre=1&annee=2016,,MONT BLEU FORD INC.,T8827-160001,2016/4/4,Véhicules automobiles de route,2016/4/15,N/A,"21 229,31 $",Ce contrat a été adjugé dans le cadre d'un concours.
http://wwwapps.tc.gc.ca/Corp-Serv-Gen/2/PDC-DPC/contrat/detail.aspx?Contract_ID=533844&trimestre=1&annee=2016,,ANA'S HARDY CLEAN,T7056-16-0008,2016/4/1,Nettoyage d'immeubles à contrat,N/A,2016/4/1 au 2017/3/31,"15 435,00 $",Ce contrat a été adjugé à un fournisseur unique.
http://wwwapps.tc.gc.ca/Corp-Serv-Gen/2/PDC-DPC/contrat/detail.aspx?Contract_ID=533845&trimestre=1&annee=2016,,BRANT’S IRRIGATION & MAINTENANCE,T7054-16-0001,2016/4/1,Autres travaux de génie,N/A,2016/4/1 au 2017/3/31,"19 860,75 $",Ce contrat a été adjugé à un fournisseur unique.
http://wwwapps.tc.gc.ca/Corp-Serv-Gen/2/PDC-DPC/contrat/detail.aspx?Contract_ID=533846&trimestre=1&annee=2016,,CANADIAN CORPS OF COMMISSIONAIRES,T8080-160012,2016/4/1,Services de protection,N/A,2016/4/1 au 2017/3/31,"761 883,06 $",Ce contrat est une commande subséquente à un outil d'acquisition de Travaux public et Services gouvernementaux Canada.
http://wwwapps.tc.gc.ca/Corp-Serv-Gen/2/PDC-DPC/contrat/detail.aspx?Contract_ID=533847&trimestre=1&annee=2016,,CAPITAL SUITES,T8493-150044/001/LP,2016/4/1,Location d'autres bâtiments,N/A,2016/4/1 au 2016/11/30,"161 709,78 $",Le contrat a été adjugé par Travaux public et Services gouvernementaux Canada.
http://wwwapps.tc.gc.ca/Corp-Serv-Gen/2/PDC-DPC/contrat/detail.aspx?Contract_ID=533848&trimestre=1&annee=2016,,COMMISSIONAIRES BRITISH COLUMBIA,T7054-16-0006,2016/4/1,Services de protection,N/A,2016/4/1 au 2017/3/31,"236 808,32 $",Ce contrat est une commande subséquente à un outil d'acquisition de Travaux public et Services gouvernementaux Canada.
http://wwwapps.tc.gc.ca/Corp-Serv-Gen/2/PDC-DPC/contrat/detail.aspx?Contract_ID=533849&trimestre=1&annee=2016,,COMMISSIONAIRES OTTAWA,T8080-160001,2016/4/1,Services de protection,N/A,2016/4/1 au 2017/3/31,"71 521,80 $",Ce contrat comprend une modification ou plus.Ce contrat est une commande subséquente à un outil d'acquisition de Travaux public et Services gouvernementaux Canada.
http://wwwapps.tc.gc.ca/Corp-Serv-Gen/2/PDC-DPC/contrat/detail.aspx?Contract_ID=533850&trimestre=1&annee=2016,,DYNAMEX CANADA LTD.,T7041-16-0001,2016/4/1,Services de messager,N/A,2016/4/1 au 2017/3/31,"28 350,00 $",Ce contrat est une commande subséquente à un outil d'acquisition de Travaux public et Services gouvernementaux Canada.
http://wwwapps.tc.gc.ca/Corp-Serv-Gen/2/PDC-DPC/contrat/detail.aspx?Contract_ID=533851&trimestre=1&annee=2016,,GRAND & TOY LIMITED,T7038-16-0016,2016/4/1,Papeterie et fournitures de bureau,2017/3/31,N/A,"16 275,00 $",Ce contrat est une commande subséquente à un outil d'acquisition de Travaux public et Services gouvernementaux Canada.
http://wwwapps.tc.gc.ca/Corp-Serv-Gen/2/PDC-DPC/contrat/detail.aspx?Contract_ID=533852&trimestre=1&annee=2016,,IMPERIAL OIL LIMITED,T7056-16-0010,2016/4/1,Combustible diesel,2017/3/31,N/A,"16 800,00 $",Ce contrat est une commande subséquente à un outil d'acquisition de Travaux public et Services gouvernementaux Canada.
http://wwwapps.tc.gc.ca/Corp-Serv-Gen/2/PDC-DPC/contrat/detail.aspx?Contract_ID=533853&trimestre=1&annee=2016,,INVERS MOBILITY SOLUTIONS INC,T7043-16-0006,2016/4/1,Système Web de réservation de véhicule et frais mensuels de maintenance du portail.,N/A,2016/4/1 au 2017/3/31,"17 627,40 $",Ce contrat a été adjugé à un fournisseur unique.
http://wwwapps.tc.gc.ca/Corp-Serv-Gen/2/PDC-DPC/contrat/detail.aspx?Contract_ID=533854&trimestre=1&annee=2016,,IRON MOUNTAIN,T7041-16-0002,2016/4/1,Gestion des dossiers y compris transfert et stockage pour l’emplacement de Transports Canada Vancouver,N/A,2016/4/1 au 2017/3/31,"16 485,00 $",Ce contrat est une commande subséquente à un outil d'acquisition de Travaux public et Services gouvernementaux Canada.
http://wwwapps.tc.gc.ca/Corp-Serv-Gen/2/PDC-DPC/contrat/detail.aspx?Contract_ID=533855&trimestre=1&annee=2016,,LLOYD HICKS,T7061-16-0001,2016/4/1,Véhicules automobiles de route - non militaires,N/A,2016/4/1 au 2017/3/31,"16 537,50 $",Ce contrat a été adjugé à un fournisseur unique.
http://wwwapps.tc.gc.ca/Corp-Serv-Gen/2/PDC-DPC/contrat/detail.aspx?Contract_ID=533856&trimestre=1&annee=2016,,LWM SERVICES INC,T7061-16-0002,2016/4/1,"""Matériel d'éclairage, de contrôle et de distribution d'électricité""",N/A,2016/4/1 au 2017/3/31,"22 050,00 $",Ce contrat a été adjugé à un fournisseur unique.
http://wwwapps.tc.gc.ca/Corp-Serv-Gen/2/PDC-DPC/contrat/detail.aspx?Contract_ID=533857&trimestre=1&annee=2016,,PENTILLION CONSTRUCTION LTD.,T7007-140014/001/XLV,2016/4/1,Service électrique de l’aéroport et entretien.,N/A,2016/4/1 au 2017/3/31,"45 150,00 $",Le contrat a été adjugé par Travaux public et Services gouvernementaux Canada.
http://wwwapps.tc.gc.ca/Corp-Serv-Gen/2/PDC-DPC/contrat/detail.aspx?Contract_ID=533858&trimestre=1&annee=2016,,PMG TECHNOLOGIES INC.,T8127-160007,2016/4/1,Conseillers techniques - autres - Essais conformité,N/A,2016/4/1 au 2017/3/31,"981 311,63 $",Ce contrat est une commande subséquente à un outil d'acquisition de Travaux public et Services gouvernementaux Canada.Ce contrat est un OGEE (Organisme gouvernemental exploité par un entrepreneur).
http://wwwapps.tc.gc.ca/Corp-Serv-Gen/2/PDC-DPC/contrat/detail.aspx?Contract_ID=533859&trimestre=1&annee=2016,,PMG TECHNOLOGIES INC.,T8127-160008,2016/4/1,Services de conseillers en gestion,N/A,2016/4/1 au 2017/3/31,"3 334 275,00 $",Ce contrat est une commande subséquente à un outil d'acquisition de Travaux public et Services gouvernementaux Canada.Ce contrat est un OGEE (Organisme gouvernemental exploité par un entrepreneur).
http://wwwapps.tc.gc.ca/Corp-Serv-Gen/2/PDC-DPC/contrat/detail.aspx?Contract_ID=533860&trimestre=1&annee=2016,,SUPERIOR PROPANE INC,T7056-16-0011,2016/4/1,"""Autres combustibles minéraux, huiles minérales et produits""",2017/3/31,N/A,"35 490,00 $",Ce contrat est une commande subséquente à un outil d'acquisition de Travaux public et Services gouvernementaux Canada.
http://wwwapps.tc.gc.ca/Corp-Serv-Gen/2/PDC-DPC/contrat/detail.aspx?Contract_ID=533863&trimestre=1&annee=2016,,XEROX CANADA LTD,T8086-162008-1,2016/4/1,"Location de machinerie, de mobilier et d'installation de bureau, et d'autres équipement",N/A,2016/4/1 au 2019/3/31,"15 774,47 $",Ce contrat est une commande subséquente à un outil d'acquisition de Travaux public et Services gouvernementaux Canada.
http://wwwapps.tc.gc.ca/Corp-Serv-Gen/2/PDC-DPC/contrat/detail.aspx?Contract_ID=533861&trimestre=1&annee=2016,,XEROX CANADA LTD,T8086-152554,2016/4/1,"Location de machinerie, de mobilier et d'installation de bureau, et d'autres équipement",N/A,2016/4/1 au 2021/3/31,"14 012,23 $",Ce contrat est une commande subséquente à un outil d'acquisition de Travaux public et Services gouvernementaux Canada.
http://wwwapps.tc.gc.ca/Corp-Serv-Gen/2/PDC-DPC/contrat/detail.aspx?Contract_ID=533862&trimestre=1&annee=2016,,XEROX CANADA LTD,T8086-152555,2016/4/1,"Location de machinerie, de mobilier et d'installation de bureau, et d'autres équipement",N/A,2016/4/1 au 2021/3/31,"18 281,36 $",Ce contrat est une commande subséquente à un outil d'acquisition de Travaux public et Services gouvernementaux Canada.
http://wwwapps.tc.gc.ca/Corp-Serv-Gen/2/PDC-DPC/contrat/detail.aspx?Contract_ID=533838&trimestre=1&annee=2016,,FORD DU CANADA LIMITEE,T3033-150086,2016/3/31,Véhicules automobiles de route,2016/3/31,N/A,"44 163,05 $",Le contrat a été adjugé par Travaux public et Services gouvernementaux Canada.Ce contrat n'a pas été signalé précédemment.
http://wwwapps.tc.gc.ca/Corp-Serv-Gen/2/PDC-DPC/contrat/detail.aspx?Contract_ID=533839&trimestre=1&annee=2016,,FORD MOTOR COMPANY OF CANADA LTD.,T8080-150347,2016/3/31,Véhicules automobiles de route,2016/3/31,N/A,"29 576,40 $",Le contrat a été adjugé par Travaux public et Services gouvernementaux Canada.Ce contrat n'a pas été signalé précédemment.
http://wwwapps.tc.gc.ca/Corp-Serv-Gen/2/PDC-DPC/contrat/detail.aspx?Contract_ID=533840&trimestre=1&annee=2016,,FORD MOTOR COMPANY OF CANADA LTD.,T8080-150349,2016/3/31,Véhicules automobiles de route,2016/3/31,N/A,"29 576,40 $",Le contrat a été adjugé par Travaux public et Services gouvernementaux Canada.Ce contrat n'a pas été signalé précédemment.
http://wwwapps.tc.gc.ca/Corp-Serv-Gen/2/PDC-DPC/contrat/detail.aspx?Contract_ID=533841&trimestre=1&annee=2016,,IRON MOUNTAIN,T8080-150370,2016/3/31,Autres services commerciaux qui ne sont pas précisés ailleurs - Service d'entreposage,N/A,2015/12/1 au 2016/3/31,"83 257,17 $",Ce contrat comprend une modification ou plus.Ce contrat est une commande subséquente à un outil d'acquisition de Travaux public et Services gouvernementaux Canada.Ce contrat n'a pas été signalé précédemment.
http://wwwapps.tc.gc.ca/Corp-Serv-Gen/2/PDC-DPC/contrat/detail.aspx?Contract_ID=533843&trimestre=1&annee=2016,,PMG TECHNOLOGIES INC.,T8127-150018,2016/3/31,Véhicules automobiles de route,2016/3/31,N/A,"99 598,13 $",Ce contrat comprend une modification ou plus.Le contrat a été adjugé par Travaux public et Services gouvernementaux Canada.Ce contrat est un OGEE (Organisme gouvernemental exploité par un entrepreneur).Ce contrat n'a pas été signalé précédemme
http://wwwapps.tc.gc.ca/Corp-Serv-Gen/2/PDC-DPC/contrat/detail.aspx?Contract_ID=533842&trimestre=1&annee=2016,,PMG TECHNOLOGIES INC.,T8056-150058,2016/3/31,Autres pièces du matériel,N/A,2016/3/31 au 2016/3/31,"269 004,91 $",Ce contrat comprend une modification ou plus.Le contrat a été adjugé par Travaux public et Services gouvernementaux Canada.Ce contrat est un OGEE (Organisme gouvernemental exploité par un entrepreneur).Ce contrat n'a pas été signalé précédemme
http://wwwapps.tc.gc.ca/Corp-Serv-Gen/2/PDC-DPC/contrat/detail.aspx?Contract_ID=534051&trimestre=1&annee=2016,,CSDC SYSTEMS INC.,T8086-152370,2016/3/21,Licences/maintenance des logiciels d'applications et de bases de données (y compris les cots) et logiciels de développement et de maintenance des applications et des bases de données,2017/3/31,N/A,"16 327,34 $",Le contrat a été adjugé par Travaux public et Services gouvernementaux Canada.Ce contrat n'a pas été signalé précédemment.
http://wwwapps.tc.gc.ca/Corp-Serv-Gen/2/PDC-DPC/contrat/detail.aspx?Contract_ID=533837&trimestre=1&annee=2016,,MANPOWER SERVICES CANADA LIMITED,T8080-150240,2016/3/8,Exprt-consl en tech de l’info - Programmeur / Analystes,N/A,2016/3/8 au 2017/8/31,"1 156 837,50 $",Ce contrat est une commande subséquente à un outil d'acquisition de Travaux public et Services gouvernementaux Canada.Ce contrat n'a pas été signalé précédemment.
http://wwwapps.tc.gc.ca/Corp-Serv-Gen/2/PDC-DPC/contrat/detail.aspx?Contract_ID=533836&trimestre=1&annee=2016,,PMG TECHNOLOGIES INC.,T8056-150114,2016/2/3,Services scientifiques,N/A,2016/2/3 au 2016/3/31,"104 951,63 $",Ce contrat comprend une modification ou plus.Le contrat a été adjugé par Travaux public et Services gouvernementaux Canada.Ce contrat est un OGEE (Organisme gouvernemental exploité par un entrepreneur).Ce contrat n'a pas été signalé précédemme
